base;tipo;m;n;instancia;cmax_referencia;arquivo_saida;atraso;tarefas_afetadas;regra
dados_trab_2_20_nonstruc_01;nonstruc;2;20;1;650;/mnt/d/Codigos_Angelita_Artigo_01/Codigos_Angelita_C_Tudo/Artigo_01/03_Com_Release_Dificil/03_Instancias_Geradas/02_Nao_Estruturadas/dados_trab_2_20_nonstruc_release_dificil_01;130;3,7,8,15,16,17;referencia + 0.200*Cmax em posicoes selecionadas
dados_trab_2_20_nonstruc_02;nonstruc;2;20;2;763;/mnt/d/Codigos_Angelita_Artigo_01/Codigos_Angelita_C_Tudo/Artigo_01/03_Com_Release_Dificil/03_Instancias_Geradas/02_Nao_Estruturadas/dados_trab_2_20_nonstruc_release_dificil_02;153;4,5,8,14,18,19;referencia + 0.200*Cmax em posicoes selecionadas
dados_trab_2_20_nonstruc_03;nonstruc;2;20;3;613;/mnt/d/Codigos_Angelita_Artigo_01/Codigos_Angelita_C_Tudo/Artigo_01/03_Com_Release_Dificil/03_Instancias_Geradas/02_Nao_Estruturadas/dados_trab_2_20_nonstruc_release_dificil_03;123;0,2,3,4,10,16;referencia + 0.200*Cmax em posicoes selecionadas
dados_trab_2_20_nonstruc_04;nonstruc;2;20;4;672;/mnt/d/Codigos_Angelita_Artigo_01/Codigos_Angelita_C_Tudo/Artigo_01/03_Com_Release_Dificil/03_Instancias_Geradas/02_Nao_Estruturadas/dados_trab_2_20_nonstruc_release_dificil_04;135;0,1,6,12,14,16;referencia + 0.200*Cmax em posicoes selecionadas
dados_trab_2_20_nonstruc_05;nonstruc;2;20;5;542;/mnt/d/Codigos_Angelita_Artigo_01/Codigos_Angelita_C_Tudo/Artigo_01/03_Com_Release_Dificil/03_Instancias_Geradas/02_Nao_Estruturadas/dados_trab_2_20_nonstruc_release_dificil_05;109;2,11,13,16,17,18;referencia + 0.200*Cmax em posicoes selecionadas
dados_trab_2_20_nonstruc_06;nonstruc;2;20;6;529;/mnt/d/Codigos_Angelita_Artigo_01/Codigos_Angelita_C_Tudo/Artigo_01/03_Com_Release_Dificil/03_Instancias_Geradas/02_Nao_Estruturadas/dados_trab_2_20_nonstruc_release_dificil_06;106;0,1,3,5,10,14;referencia + 0.200*Cmax em posicoes selecionadas
dados_trab_2_20_nonstruc_07;nonstruc;2;20;7;815;/mnt/d/Codigos_Angelita_Artigo_01/Codigos_Angelita_C_Tudo/Artigo_01/03_Com_Release_Dificil/03_Instancias_Geradas/02_Nao_Estruturadas/dados_trab_2_20_nonstruc_release_dificil_07;163;4,7,9,15,16,19;referencia + 0.200*Cmax em posicoes selecionadas
dados_trab_2_20_nonstruc_08;nonstruc;2;20;8;607;/mnt/d/Codigos_Angelita_Artigo_01/Codigos_Angelita_C_Tudo/Artigo_01/03_Com_Release_Dificil/03_Instancias_Geradas/02_Nao_Estruturadas/dados_trab_2_20_nonstruc_release_dificil_08;122;1,7,10,11,15;referencia + 0.200*Cmax em posicoes selecionadas
dados_trab_2_20_nonstruc_09;nonstruc;2;20;9;699;/mnt/d/Codigos_Angelita_Artigo_01/Codigos_Angelita_C_Tudo/Artigo_01/03_Com_Release_Dificil/03_Instancias_Geradas/02_Nao_Estruturadas/dados_trab_2_20_nonstruc_release_dificil_09;140;0,4,9,11,14,17;referencia + 0.200*Cmax em posicoes selecionadas
dados_trab_2_20_nonstruc_10;nonstruc;2;20;10;693;/mnt/d/Codigos_Angelita_Artigo_01/Codigos_Angelita_C_Tudo/Artigo_01/03_Com_Release_Dificil/03_Instancias_Geradas/02_Nao_Estruturadas/dados_trab_2_20_nonstruc_release_dificil_10;139;7,9,11,12,16,18;referencia + 0.200*Cmax em posicoes selecionadas
dados_trab_2_20_struc_01;struc;2;20;1;732;/mnt/d/Codigos_Angelita_Artigo_01/Codigos_Angelita_C_Tudo/Artigo_01/03_Com_Release_Dificil/03_Instancias_Geradas/01_Estruturadas/dados_trab_2_20_struc_release_dificil_01;147;0,5,8,10,12,14;referencia + 0.200*Cmax em posicoes selecionadas
dados_trab_2_20_struc_02;struc;2;20;2;691;/mnt/d/Codigos_Angelita_Artigo_01/Codigos_Angelita_C_Tudo/Artigo_01/03_Com_Release_Dificil/03_Instancias_Geradas/01_Estruturadas/dados_trab_2_20_struc_release_dificil_02;139;1,4,7,8,17,18;referencia + 0.200*Cmax em posicoes selecionadas
dados_trab_2_20_struc_03;struc;2;20;3;622;/mnt/d/Codigos_Angelita_Artigo_01/Codigos_Angelita_C_Tudo/Artigo_01/03_Com_Release_Dificil/03_Instancias_Geradas/01_Estruturadas/dados_trab_2_20_struc_release_dificil_03;125;0,2,6,7,8,14;referencia + 0.200*Cmax em posicoes selecionadas
dados_trab_2_20_struc_04;struc;2;20;4;769;/mnt/d/Codigos_Angelita_Artigo_01/Codigos_Angelita_C_Tudo/Artigo_01/03_Com_Release_Dificil/03_Instancias_Geradas/01_Estruturadas/dados_trab_2_20_struc_release_dificil_04;154;2,4,5,8,14,15;referencia + 0.200*Cmax em posicoes selecionadas
dados_trab_2_20_struc_05;struc;2;20;5;688;/mnt/d/Codigos_Angelita_Artigo_01/Codigos_Angelita_C_Tudo/Artigo_01/03_Com_Release_Dificil/03_Instancias_Geradas/01_Estruturadas/dados_trab_2_20_struc_release_dificil_05;138;1,3,7,9,10,14;referencia + 0.200*Cmax em posicoes selecionadas
dados_trab_2_20_struc_06;struc;2;20;6;681;/mnt/d/Codigos_Angelita_Artigo_01/Codigos_Angelita_C_Tudo/Artigo_01/03_Com_Release_Dificil/03_Instancias_Geradas/01_Estruturadas/dados_trab_2_20_struc_release_dificil_06;137;0,3,9,13,14,17;referencia + 0.200*Cmax em posicoes selecionadas
dados_trab_2_20_struc_07;struc;2;20;7;634;/mnt/d/Codigos_Angelita_Artigo_01/Codigos_Angelita_C_Tudo/Artigo_01/03_Com_Release_Dificil/03_Instancias_Geradas/01_Estruturadas/dados_trab_2_20_struc_release_dificil_07;127;0,1,10,11,17,18;referencia + 0.200*Cmax em posicoes selecionadas
dados_trab_2_20_struc_08;struc;2;20;8;708;/mnt/d/Codigos_Angelita_Artigo_01/Codigos_Angelita_C_Tudo/Artigo_01/03_Com_Release_Dificil/03_Instancias_Geradas/01_Estruturadas/dados_trab_2_20_struc_release_dificil_08;142;1,4,5,11,13,17;referencia + 0.200*Cmax em posicoes selecionadas
dados_trab_2_20_struc_09;struc;2;20;9;749;/mnt/d/Codigos_Angelita_Artigo_01/Codigos_Angelita_C_Tudo/Artigo_01/03_Com_Release_Dificil/03_Instancias_Geradas/01_Estruturadas/dados_trab_2_20_struc_release_dificil_09;150;1,4,6,8,11,18;referencia + 0.200*Cmax em posicoes selecionadas
dados_trab_2_20_struc_10;struc;2;20;10;696;/mnt/d/Codigos_Angelita_Artigo_01/Codigos_Angelita_C_Tudo/Artigo_01/03_Com_Release_Dificil/03_Instancias_Geradas/01_Estruturadas/dados_trab_2_20_struc_release_dificil_10;140;2,3,6,10,12,15;referencia + 0.200*Cmax em posicoes selecionadas
dados_trab_2_30_nonstruc_01;nonstruc;2;30;1;883;/mnt/d/Codigos_Angelita_Artigo_01/Codigos_Angelita_C_Tudo/Artigo_01/03_Com_Release_Dificil/03_Instancias_Geradas/02_Nao_Estruturadas/dados_trab_2_30_nonstruc_release_dificil_01;177;0,3,9,10,12,17,23,26;referencia + 0.200*Cmax em posicoes selecionadas
dados_trab_2_30_nonstruc_02;nonstruc;2;30;2;802;/mnt/d/Codigos_Angelita_Artigo_01/Codigos_Angelita_C_Tudo/Artigo_01/03_Com_Release_Dificil/03_Instancias_Geradas/02_Nao_Estruturadas/dados_trab_2_30_nonstruc_release_dificil_02;161;5,10,18,20,25,27,28,29;referencia + 0.200*Cmax em posicoes selecionadas
dados_trab_2_30_nonstruc_03;nonstruc;2;30;3;809;/mnt/d/Codigos_Angelita_Artigo_01/Codigos_Angelita_C_Tudo/Artigo_01/03_Com_Release_Dificil/03_Instancias_Geradas/02_Nao_Estruturadas/dados_trab_2_30_nonstruc_release_dificil_03;162;1,3,5,8,13,15,18,25;referencia + 0.200*Cmax em posicoes selecionadas
dados_trab_2_30_nonstruc_04;nonstruc;2;30;4;947;/mnt/d/Codigos_Angelita_Artigo_01/Codigos_Angelita_C_Tudo/Artigo_01/03_Com_Release_Dificil/03_Instancias_Geradas/02_Nao_Estruturadas/dados_trab_2_30_nonstruc_release_dificil_04;190;0,3,6,10,13,14,17,20;referencia + 0.200*Cmax em posicoes selecionadas
dados_trab_2_30_nonstruc_05;nonstruc;2;30;5;885;/mnt/d/Codigos_Angelita_Artigo_01/Codigos_Angelita_C_Tudo/Artigo_01/03_Com_Release_Dificil/03_Instancias_Geradas/02_Nao_Estruturadas/dados_trab_2_30_nonstruc_release_dificil_05;177;0,2,5,8,9,10,19,25;referencia + 0.200*Cmax em posicoes selecionadas
dados_trab_2_30_nonstruc_06;nonstruc;2;30;6;821;/mnt/d/Codigos_Angelita_Artigo_01/Codigos_Angelita_C_Tudo/Artigo_01/03_Com_Release_Dificil/03_Instancias_Geradas/02_Nao_Estruturadas/dados_trab_2_30_nonstruc_release_dificil_06;165;1,4,6,8,13,15,22,29;referencia + 0.200*Cmax em posicoes selecionadas
dados_trab_2_30_nonstruc_07;nonstruc;2;30;7;1082;/mnt/d/Codigos_Angelita_Artigo_01/Codigos_Angelita_C_Tudo/Artigo_01/03_Com_Release_Dificil/03_Instancias_Geradas/02_Nao_Estruturadas/dados_trab_2_30_nonstruc_release_dificil_07;217;0,3,6,8,14,16,21,22;referencia + 0.200*Cmax em posicoes selecionadas
dados_trab_2_30_nonstruc_08;nonstruc;2;30;8;978;/mnt/d/Codigos_Angelita_Artigo_01/Codigos_Angelita_C_Tudo/Artigo_01/03_Com_Release_Dificil/03_Instancias_Geradas/02_Nao_Estruturadas/dados_trab_2_30_nonstruc_release_dificil_08;196;1,3,7,10,12,16,22,29;referencia + 0.200*Cmax em posicoes selecionadas
dados_trab_2_30_nonstruc_09;nonstruc;2;30;9;952;/mnt/d/Codigos_Angelita_Artigo_01/Codigos_Angelita_C_Tudo/Artigo_01/03_Com_Release_Dificil/03_Instancias_Geradas/02_Nao_Estruturadas/dados_trab_2_30_nonstruc_release_dificil_09;191;1,10,12,13,21,23,26,29;referencia + 0.200*Cmax em posicoes selecionadas
dados_trab_2_30_nonstruc_10;nonstruc;2;30;10;824;/mnt/d/Codigos_Angelita_Artigo_01/Codigos_Angelita_C_Tudo/Artigo_01/03_Com_Release_Dificil/03_Instancias_Geradas/02_Nao_Estruturadas/dados_trab_2_30_nonstruc_release_dificil_10;165;1,9,10,13,14,19,20,25;referencia + 0.200*Cmax em posicoes selecionadas
dados_trab_2_30_struc_01;struc;2;30;1;1158;/mnt/d/Codigos_Angelita_Artigo_01/Codigos_Angelita_C_Tudo/Artigo_01/03_Com_Release_Dificil/03_Instancias_Geradas/01_Estruturadas/dados_trab_2_30_struc_release_dificil_01;232;2,11,12,13,15,17,18,19;referencia + 0.200*Cmax em posicoes selecionadas
dados_trab_2_30_struc_02;struc;2;30;2;882;/mnt/d/Codigos_Angelita_Artigo_01/Codigos_Angelita_C_Tudo/Artigo_01/03_Com_Release_Dificil/03_Instancias_Geradas/01_Estruturadas/dados_trab_2_30_struc_release_dificil_02;177;13,15,18,20,22,23,26,29;referencia + 0.200*Cmax em posicoes selecionadas
dados_trab_2_30_struc_03;struc;2;30;3;1015;/mnt/d/Codigos_Angelita_Artigo_01/Codigos_Angelita_C_Tudo/Artigo_01/03_Com_Release_Dificil/03_Instancias_Geradas/01_Estruturadas/dados_trab_2_30_struc_release_dificil_03;203;1,4,5,7,12,14,17,27;referencia + 0.200*Cmax em posicoes selecionadas
dados_trab_2_30_struc_04;struc;2;30;4;945;/mnt/d/Codigos_Angelita_Artigo_01/Codigos_Angelita_C_Tudo/Artigo_01/03_Com_Release_Dificil/03_Instancias_Geradas/01_Estruturadas/dados_trab_2_30_struc_release_dificil_04;189;0,6,14,17,18,22,27,28;referencia + 0.200*Cmax em posicoes selecionadas
dados_trab_2_30_struc_05;struc;2;30;5;970;/mnt/d/Codigos_Angelita_Artigo_01/Codigos_Angelita_C_Tudo/Artigo_01/03_Com_Release_Dificil/03_Instancias_Geradas/01_Estruturadas/dados_trab_2_30_struc_release_dificil_05;194;6,9,10,11,17,26,27,28;referencia + 0.200*Cmax em posicoes selecionadas
dados_trab_2_30_struc_06;struc;2;30;6;1142;/mnt/d/Codigos_Angelita_Artigo_01/Codigos_Angelita_C_Tudo/Artigo_01/03_Com_Release_Dificil/03_Instancias_Geradas/01_Estruturadas/dados_trab_2_30_struc_release_dificil_06;229;0,7,10,16,18,21,22,26;referencia + 0.200*Cmax em posicoes selecionadas
dados_trab_2_30_struc_07;struc;2;30;7;777;/mnt/d/Codigos_Angelita_Artigo_01/Codigos_Angelita_C_Tudo/Artigo_01/03_Com_Release_Dificil/03_Instancias_Geradas/01_Estruturadas/dados_trab_2_30_struc_release_dificil_07;156;6,7,13,15,16,19,20,24,25;referencia + 0.200*Cmax em posicoes selecionadas
dados_trab_2_30_struc_08;struc;2;30;8;955;/mnt/d/Codigos_Angelita_Artigo_01/Codigos_Angelita_C_Tudo/Artigo_01/03_Com_Release_Dificil/03_Instancias_Geradas/01_Estruturadas/dados_trab_2_30_struc_release_dificil_08;191;2,5,10,14,18,20,23,25,27;referencia + 0.200*Cmax em posicoes selecionadas
dados_trab_2_30_struc_09;struc;2;30;9;970;/mnt/d/Codigos_Angelita_Artigo_01/Codigos_Angelita_C_Tudo/Artigo_01/03_Com_Release_Dificil/03_Instancias_Geradas/01_Estruturadas/dados_trab_2_30_struc_release_dificil_09;194;3,9,10,17,21,22,27,29;referencia + 0.200*Cmax em posicoes selecionadas
dados_trab_2_30_struc_10;struc;2;30;10;1014;/mnt/d/Codigos_Angelita_Artigo_01/Codigos_Angelita_C_Tudo/Artigo_01/03_Com_Release_Dificil/03_Instancias_Geradas/01_Estruturadas/dados_trab_2_30_struc_release_dificil_10;203;3,13,15,16,17,19,22,28;referencia + 0.200*Cmax em posicoes selecionadas
dados_trab_2_40_nonstruc_01;nonstruc;2;40;1;1371;/mnt/d/Codigos_Angelita_Artigo_01/Codigos_Angelita_C_Tudo/Artigo_01/03_Com_Release_Dificil/03_Instancias_Geradas/02_Nao_Estruturadas/dados_trab_2_40_nonstruc_release_dificil_01;275;1,13,17,18,19,21,30,31,33,35,37;referencia + 0.200*Cmax em posicoes selecionadas
dados_trab_2_40_nonstruc_02;nonstruc;2;40;2;1159;/mnt/d/Codigos_Angelita_Artigo_01/Codigos_Angelita_C_Tudo/Artigo_01/03_Com_Release_Dificil/03_Instancias_Geradas/02_Nao_Estruturadas/dados_trab_2_40_nonstruc_release_dificil_02;232;1,2,4,6,18,19,21,25,27,32,39;referencia + 0.200*Cmax em posicoes selecionadas
dados_trab_2_40_nonstruc_03;nonstruc;2;40;3;1287;/mnt/d/Codigos_Angelita_Artigo_01/Codigos_Angelita_C_Tudo/Artigo_01/03_Com_Release_Dificil/03_Instancias_Geradas/02_Nao_Estruturadas/dados_trab_2_40_nonstruc_release_dificil_03;258;4,6,13,15,16,22,23,26,28,39;referencia + 0.200*Cmax em posicoes selecionadas
dados_trab_2_40_nonstruc_04;nonstruc;2;40;4;1040;/mnt/d/Codigos_Angelita_Artigo_01/Codigos_Angelita_C_Tudo/Artigo_01/03_Com_Release_Dificil/03_Instancias_Geradas/02_Nao_Estruturadas/dados_trab_2_40_nonstruc_release_dificil_04;208;0,4,8,15,19,21,22,27,32,37,38;referencia + 0.200*Cmax em posicoes selecionadas
dados_trab_2_40_nonstruc_05;nonstruc;2;40;5;878;/mnt/d/Codigos_Angelita_Artigo_01/Codigos_Angelita_C_Tudo/Artigo_01/03_Com_Release_Dificil/03_Instancias_Geradas/02_Nao_Estruturadas/dados_trab_2_40_nonstruc_release_dificil_05;176;2,3,9,16,18,19,20,21,27,30,34;referencia + 0.200*Cmax em posicoes selecionadas
dados_trab_2_40_nonstruc_06;nonstruc;2;40;6;1186;/mnt/d/Codigos_Angelita_Artigo_01/Codigos_Angelita_C_Tudo/Artigo_01/03_Com_Release_Dificil/03_Instancias_Geradas/02_Nao_Estruturadas/dados_trab_2_40_nonstruc_release_dificil_06;238;1,4,9,12,18,19,20,24,25,34,36;referencia + 0.200*Cmax em posicoes selecionadas
dados_trab_2_40_nonstruc_07;nonstruc;2;40;7;1163;/mnt/d/Codigos_Angelita_Artigo_01/Codigos_Angelita_C_Tudo/Artigo_01/03_Com_Release_Dificil/03_Instancias_Geradas/02_Nao_Estruturadas/dados_trab_2_40_nonstruc_release_dificil_07;233;3,4,13,19,22,23,24,27,30,34,36;referencia + 0.200*Cmax em posicoes selecionadas
dados_trab_2_40_nonstruc_08;nonstruc;2;40;8;1084;/mnt/d/Codigos_Angelita_Artigo_01/Codigos_Angelita_C_Tudo/Artigo_01/03_Com_Release_Dificil/03_Instancias_Geradas/02_Nao_Estruturadas/dados_trab_2_40_nonstruc_release_dificil_08;217;2,3,8,9,15,18,24,28,31,39;referencia + 0.200*Cmax em posicoes selecionadas
dados_trab_2_40_nonstruc_09;nonstruc;2;40;9;1146;/mnt/d/Codigos_Angelita_Artigo_01/Codigos_Angelita_C_Tudo/Artigo_01/03_Com_Release_Dificil/03_Instancias_Geradas/02_Nao_Estruturadas/dados_trab_2_40_nonstruc_release_dificil_09;230;0,4,5,16,20,22,23,26,31,33,37;referencia + 0.200*Cmax em posicoes selecionadas
dados_trab_2_40_nonstruc_10;nonstruc;2;40;10;1072;/mnt/d/Codigos_Angelita_Artigo_01/Codigos_Angelita_C_Tudo/Artigo_01/03_Com_Release_Dificil/03_Instancias_Geradas/02_Nao_Estruturadas/dados_trab_2_40_nonstruc_release_dificil_10;215;0,8,12,14,16,21,22,27,31,32;referencia + 0.200*Cmax em posicoes selecionadas
dados_trab_2_40_struc_01;struc;2;40;1;1163;/mnt/d/Codigos_Angelita_Artigo_01/Codigos_Angelita_C_Tudo/Artigo_01/03_Com_Release_Dificil/03_Instancias_Geradas/01_Estruturadas/dados_trab_2_40_struc_release_dificil_01;233;8,14,17,20,24,26,28,29,33,34;referencia + 0.200*Cmax em posicoes selecionadas
dados_trab_2_40_struc_02;struc;2;40;2;1282;/mnt/d/Codigos_Angelita_Artigo_01/Codigos_Angelita_C_Tudo/Artigo_01/03_Com_Release_Dificil/03_Instancias_Geradas/01_Estruturadas/dados_trab_2_40_struc_release_dificil_02;257;3,9,12,14,16,18,20,22,25,29,38;referencia + 0.200*Cmax em posicoes selecionadas
dados_trab_2_40_struc_03;struc;2;40;3;1381;/mnt/d/Codigos_Angelita_Artigo_01/Codigos_Angelita_C_Tudo/Artigo_01/03_Com_Release_Dificil/03_Instancias_Geradas/01_Estruturadas/dados_trab_2_40_struc_release_dificil_03;277;11,12,16,24,29,30,31,32,36,38,39;referencia + 0.200*Cmax em posicoes selecionadas
dados_trab_2_40_struc_04;struc;2;40;4;1384;/mnt/d/Codigos_Angelita_Artigo_01/Codigos_Angelita_C_Tudo/Artigo_01/03_Com_Release_Dificil/03_Instancias_Geradas/01_Estruturadas/dados_trab_2_40_struc_release_dificil_04;277;1,10,13,16,20,29,34,35,37,38;referencia + 0.200*Cmax em posicoes selecionadas
dados_trab_2_40_struc_05;struc;2;40;5;1357;/mnt/d/Codigos_Angelita_Artigo_01/Codigos_Angelita_C_Tudo/Artigo_01/03_Com_Release_Dificil/03_Instancias_Geradas/01_Estruturadas/dados_trab_2_40_struc_release_dificil_05;272;2,5,8,13,18,25,26,31,37,38,39;referencia + 0.200*Cmax em posicoes selecionadas
dados_trab_2_40_struc_06;struc;2;40;6;1298;/mnt/d/Codigos_Angelita_Artigo_01/Codigos_Angelita_C_Tudo/Artigo_01/03_Com_Release_Dificil/03_Instancias_Geradas/01_Estruturadas/dados_trab_2_40_struc_release_dificil_06;260;1,2,3,4,8,9,12,19,22,25,37;referencia + 0.200*Cmax em posicoes selecionadas
dados_trab_2_40_struc_07;struc;2;40;7;1320;/mnt/d/Codigos_Angelita_Artigo_01/Codigos_Angelita_C_Tudo/Artigo_01/03_Com_Release_Dificil/03_Instancias_Geradas/01_Estruturadas/dados_trab_2_40_struc_release_dificil_07;264;1,13,18,25,26,29,31,33,35,36,37;referencia + 0.200*Cmax em posicoes selecionadas
dados_trab_2_40_struc_08;struc;2;40;8;1293;/mnt/d/Codigos_Angelita_Artigo_01/Codigos_Angelita_C_Tudo/Artigo_01/03_Com_Release_Dificil/03_Instancias_Geradas/01_Estruturadas/dados_trab_2_40_struc_release_dificil_08;259;2,10,11,12,13,14,15,17,29,34,35;referencia + 0.200*Cmax em posicoes selecionadas
dados_trab_2_40_struc_09;struc;2;40;9;1218;/mnt/d/Codigos_Angelita_Artigo_01/Codigos_Angelita_C_Tudo/Artigo_01/03_Com_Release_Dificil/03_Instancias_Geradas/01_Estruturadas/dados_trab_2_40_struc_release_dificil_09;244;3,7,16,21,23,29,35,37,38,39;referencia + 0.200*Cmax em posicoes selecionadas
dados_trab_2_40_struc_10;struc;2;40;10;1291;/mnt/d/Codigos_Angelita_Artigo_01/Codigos_Angelita_C_Tudo/Artigo_01/03_Com_Release_Dificil/03_Instancias_Geradas/01_Estruturadas/dados_trab_2_40_struc_release_dificil_10;259;3,6,9,11,19,20,22,23,30,39;referencia + 0.200*Cmax em posicoes selecionadas
dados_trab_2_50_nonstruc_01;nonstruc;2;50;1;1371;/mnt/d/Codigos_Angelita_Artigo_01/Codigos_Angelita_C_Tudo/Artigo_01/03_Com_Release_Dificil/03_Instancias_Geradas/02_Nao_Estruturadas/dados_trab_2_50_nonstruc_release_dificil_01;275;1,8,9,20,23,26,27,28,30,33,41,44,48;referencia + 0.200*Cmax em posicoes selecionadas
dados_trab_2_50_nonstruc_02;nonstruc;2;50;2;1567;/mnt/d/Codigos_Angelita_Artigo_01/Codigos_Angelita_C_Tudo/Artigo_01/03_Com_Release_Dificil/03_Instancias_Geradas/02_Nao_Estruturadas/dados_trab_2_50_nonstruc_release_dificil_02;314;1,5,16,18,30,31,37,38,40,45,46,47,49;referencia + 0.200*Cmax em posicoes selecionadas
dados_trab_2_50_nonstruc_03;nonstruc;2;50;3;1453;/mnt/d/Codigos_Angelita_Artigo_01/Codigos_Angelita_C_Tudo/Artigo_01/03_Com_Release_Dificil/03_Instancias_Geradas/02_Nao_Estruturadas/dados_trab_2_50_nonstruc_release_dificil_03;291;1,10,12,16,21,27,32,33,34,39,40,42,45;referencia + 0.200*Cmax em posicoes selecionadas
dados_trab_2_50_nonstruc_04;nonstruc;2;50;4;1290;/mnt/d/Codigos_Angelita_Artigo_01/Codigos_Angelita_C_Tudo/Artigo_01/03_Com_Release_Dificil/03_Instancias_Geradas/02_Nao_Estruturadas/dados_trab_2_50_nonstruc_release_dificil_04;258;7,10,12,17,18,29,30,31,34,37,46,47,49;referencia + 0.200*Cmax em posicoes selecionadas
dados_trab_2_50_nonstruc_05;nonstruc;2;50;5;1305;/mnt/d/Codigos_Angelita_Artigo_01/Codigos_Angelita_C_Tudo/Artigo_01/03_Com_Release_Dificil/03_Instancias_Geradas/02_Nao_Estruturadas/dados_trab_2_50_nonstruc_release_dificil_05;261;0,5,7,23,24,25,31,33,34,36,37,46,48;referencia + 0.200*Cmax em posicoes selecionadas
dados_trab_2_50_nonstruc_06;nonstruc;2;50;6;1340;/mnt/d/Codigos_Angelita_Artigo_01/Codigos_Angelita_C_Tudo/Artigo_01/03_Com_Release_Dificil/03_Instancias_Geradas/02_Nao_Estruturadas/dados_trab_2_50_nonstruc_release_dificil_06;268;3,5,7,11,12,14,17,21,25,37,38,40,41,48;referencia + 0.200*Cmax em posicoes selecionadas
dados_trab_2_50_nonstruc_07;nonstruc;2;50;7;1471;/mnt/d/Codigos_Angelita_Artigo_01/Codigos_Angelita_C_Tudo/Artigo_01/03_Com_Release_Dificil/03_Instancias_Geradas/02_Nao_Estruturadas/dados_trab_2_50_nonstruc_release_dificil_07;295;0,2,7,11,20,22,25,33,36,40,43,44,45;referencia + 0.200*Cmax em posicoes selecionadas
dados_trab_2_50_nonstruc_08;nonstruc;2;50;8;1476;/mnt/d/Codigos_Angelita_Artigo_01/Codigos_Angelita_C_Tudo/Artigo_01/03_Com_Release_Dificil/03_Instancias_Geradas/02_Nao_Estruturadas/dados_trab_2_50_nonstruc_release_dificil_08;296;4,8,12,13,23,24,27,35,37,38,40,42,49;referencia + 0.200*Cmax em posicoes selecionadas
dados_trab_2_50_nonstruc_09;nonstruc;2;50;9;1338;/mnt/d/Codigos_Angelita_Artigo_01/Codigos_Angelita_C_Tudo/Artigo_01/03_Com_Release_Dificil/03_Instancias_Geradas/02_Nao_Estruturadas/dados_trab_2_50_nonstruc_release_dificil_09;268;1,6,16,20,23,25,30,32,35,38,42,44,49;referencia + 0.200*Cmax em posicoes selecionadas
dados_trab_2_50_nonstruc_10;nonstruc;2;50;10;1350;/mnt/d/Codigos_Angelita_Artigo_01/Codigos_Angelita_C_Tudo/Artigo_01/03_Com_Release_Dificil/03_Instancias_Geradas/02_Nao_Estruturadas/dados_trab_2_50_nonstruc_release_dificil_10;270;0,1,3,8,12,13,23,25,29,34,35,46,48;referencia + 0.200*Cmax em posicoes selecionadas
dados_trab_2_50_struc_01;struc;2;50;1;1565;/mnt/d/Codigos_Angelita_Artigo_01/Codigos_Angelita_C_Tudo/Artigo_01/03_Com_Release_Dificil/03_Instancias_Geradas/01_Estruturadas/dados_trab_2_50_struc_release_dificil_01;313;0,3,5,13,16,17,19,21,27,30,32,38,44;referencia + 0.200*Cmax em posicoes selecionadas
dados_trab_2_50_struc_02;struc;2;50;2;1747;/mnt/d/Codigos_Angelita_Artigo_01/Codigos_Angelita_C_Tudo/Artigo_01/03_Com_Release_Dificil/03_Instancias_Geradas/01_Estruturadas/dados_trab_2_50_struc_release_dificil_02;350;5,7,12,17,20,26,27,30,34,36,38,41,46;referencia + 0.200*Cmax em posicoes selecionadas
dados_trab_2_50_struc_03;struc;2;50;3;1620;/mnt/d/Codigos_Angelita_Artigo_01/Codigos_Angelita_C_Tudo/Artigo_01/03_Com_Release_Dificil/03_Instancias_Geradas/01_Estruturadas/dados_trab_2_50_struc_release_dificil_03;324;2,9,11,12,13,22,25,27,31,32,40,44,49;referencia + 0.200*Cmax em posicoes selecionadas
dados_trab_2_50_struc_04;struc;2;50;4;1550;/mnt/d/Codigos_Angelita_Artigo_01/Codigos_Angelita_C_Tudo/Artigo_01/03_Com_Release_Dificil/03_Instancias_Geradas/01_Estruturadas/dados_trab_2_50_struc_release_dificil_04;310;1,4,7,9,11,12,15,25,28,29,32,42,44,48;referencia + 0.200*Cmax em posicoes selecionadas
dados_trab_2_50_struc_05;struc;2;50;5;1567;/mnt/d/Codigos_Angelita_Artigo_01/Codigos_Angelita_C_Tudo/Artigo_01/03_Com_Release_Dificil/03_Instancias_Geradas/01_Estruturadas/dados_trab_2_50_struc_release_dificil_05;314;1,2,4,6,13,18,21,25,26,32,41,43,44;referencia + 0.200*Cmax em posicoes selecionadas
dados_trab_2_50_struc_06;struc;2;50;6;1585;/mnt/d/Codigos_Angelita_Artigo_01/Codigos_Angelita_C_Tudo/Artigo_01/03_Com_Release_Dificil/03_Instancias_Geradas/01_Estruturadas/dados_trab_2_50_struc_release_dificil_06;317;9,10,12,17,22,26,31,36,41,44,45,46,47;referencia + 0.200*Cmax em posicoes selecionadas
dados_trab_2_50_struc_07;struc;2;50;7;1463;/mnt/d/Codigos_Angelita_Artigo_01/Codigos_Angelita_C_Tudo/Artigo_01/03_Com_Release_Dificil/03_Instancias_Geradas/01_Estruturadas/dados_trab_2_50_struc_release_dificil_07;293;0,9,11,20,23,25,27,35,39,42,45,47,49;referencia + 0.200*Cmax em posicoes selecionadas
dados_trab_2_50_struc_08;struc;2;50;8;1469;/mnt/d/Codigos_Angelita_Artigo_01/Codigos_Angelita_C_Tudo/Artigo_01/03_Com_Release_Dificil/03_Instancias_Geradas/01_Estruturadas/dados_trab_2_50_struc_release_dificil_08;294;0,3,5,6,19,20,21,22,33,36,45,47,48;referencia + 0.200*Cmax em posicoes selecionadas
dados_trab_2_50_struc_09;struc;2;50;9;1673;/mnt/d/Codigos_Angelita_Artigo_01/Codigos_Angelita_C_Tudo/Artigo_01/03_Com_Release_Dificil/03_Instancias_Geradas/01_Estruturadas/dados_trab_2_50_struc_release_dificil_09;335;1,4,8,14,17,20,23,29,34,37,39,41,45;referencia + 0.200*Cmax em posicoes selecionadas
dados_trab_2_50_struc_10;struc;2;50;10;1775;/mnt/d/Codigos_Angelita_Artigo_01/Codigos_Angelita_C_Tudo/Artigo_01/03_Com_Release_Dificil/03_Instancias_Geradas/01_Estruturadas/dados_trab_2_50_struc_release_dificil_10;355;1,3,7,11,16,19,30,31,36,40,47,48,49;referencia + 0.200*Cmax em posicoes selecionadas
dados_trab_3_20_nonstruc_01;nonstruc;3;20;1;474;/mnt/d/Codigos_Angelita_Artigo_01/Codigos_Angelita_C_Tudo/Artigo_01/03_Com_Release_Dificil/03_Instancias_Geradas/02_Nao_Estruturadas/dados_trab_3_20_nonstruc_release_dificil_01;95;1,3,8,9,13,19;referencia + 0.200*Cmax em posicoes selecionadas
dados_trab_3_20_nonstruc_02;nonstruc;3;20;2;456;/mnt/d/Codigos_Angelita_Artigo_01/Codigos_Angelita_C_Tudo/Artigo_01/03_Com_Release_Dificil/03_Instancias_Geradas/02_Nao_Estruturadas/dados_trab_3_20_nonstruc_release_dificil_02;92;1,5,8,15,16,19;referencia + 0.200*Cmax em posicoes selecionadas
dados_trab_3_20_nonstruc_03;nonstruc;3;20;3;409;/mnt/d/Codigos_Angelita_Artigo_01/Codigos_Angelita_C_Tudo/Artigo_01/03_Com_Release_Dificil/03_Instancias_Geradas/02_Nao_Estruturadas/dados_trab_3_20_nonstruc_release_dificil_03;82;3,4,5,10,11,12;referencia + 0.200*Cmax em posicoes selecionadas
dados_trab_3_20_nonstruc_04;nonstruc;3;20;4;434;/mnt/d/Codigos_Angelita_Artigo_01/Codigos_Angelita_C_Tudo/Artigo_01/03_Com_Release_Dificil/03_Instancias_Geradas/02_Nao_Estruturadas/dados_trab_3_20_nonstruc_release_dificil_04;87;1,3,14,16,17,19;referencia + 0.200*Cmax em posicoes selecionadas
dados_trab_3_20_nonstruc_05;nonstruc;3;20;5;473;/mnt/d/Codigos_Angelita_Artigo_01/Codigos_Angelita_C_Tudo/Artigo_01/03_Com_Release_Dificil/03_Instancias_Geradas/02_Nao_Estruturadas/dados_trab_3_20_nonstruc_release_dificil_05;95;3,7,8,9,11,14,17;referencia + 0.200*Cmax em posicoes selecionadas
dados_trab_3_20_nonstruc_06;nonstruc;3;20;6;488;/mnt/d/Codigos_Angelita_Artigo_01/Codigos_Angelita_C_Tudo/Artigo_01/03_Com_Release_Dificil/03_Instancias_Geradas/02_Nao_Estruturadas/dados_trab_3_20_nonstruc_release_dificil_06;98;0,1,2,7,11,17;referencia + 0.200*Cmax em posicoes selecionadas
dados_trab_3_20_nonstruc_07;nonstruc;3;20;7;468;/mnt/d/Codigos_Angelita_Artigo_01/Codigos_Angelita_C_Tudo/Artigo_01/03_Com_Release_Dificil/03_Instancias_Geradas/02_Nao_Estruturadas/dados_trab_3_20_nonstruc_release_dificil_07;94;2,6,10,11,16,17;referencia + 0.200*Cmax em posicoes selecionadas
dados_trab_3_20_nonstruc_08;nonstruc;3;20;8;400;/mnt/d/Codigos_Angelita_Artigo_01/Codigos_Angelita_C_Tudo/Artigo_01/03_Com_Release_Dificil/03_Instancias_Geradas/02_Nao_Estruturadas/dados_trab_3_20_nonstruc_release_dificil_08;80;0,7,9,10,11,12;referencia + 0.200*Cmax em posicoes selecionadas
dados_trab_3_20_nonstruc_09;nonstruc;3;20;9;483;/mnt/d/Codigos_Angelita_Artigo_01/Codigos_Angelita_C_Tudo/Artigo_01/03_Com_Release_Dificil/03_Instancias_Geradas/02_Nao_Estruturadas/dados_trab_3_20_nonstruc_release_dificil_09;97;1,4,7,11,15,19;referencia + 0.200*Cmax em posicoes selecionadas
dados_trab_3_20_nonstruc_10;nonstruc;3;20;10;459;/mnt/d/Codigos_Angelita_Artigo_01/Codigos_Angelita_C_Tudo/Artigo_01/03_Com_Release_Dificil/03_Instancias_Geradas/02_Nao_Estruturadas/dados_trab_3_20_nonstruc_release_dificil_10;92;1,3,7,10,11,13;referencia + 0.200*Cmax em posicoes selecionadas
dados_trab_3_20_struc_01;struc;3;20;1;530;/mnt/d/Codigos_Angelita_Artigo_01/Codigos_Angelita_C_Tudo/Artigo_01/03_Com_Release_Dificil/03_Instancias_Geradas/01_Estruturadas/dados_trab_3_20_struc_release_dificil_01;106;0,1,10,14,17,19;referencia + 0.200*Cmax em posicoes selecionadas
dados_trab_3_20_struc_02;struc;3;20;2;446;/mnt/d/Codigos_Angelita_Artigo_01/Codigos_Angelita_C_Tudo/Artigo_01/03_Com_Release_Dificil/03_Instancias_Geradas/01_Estruturadas/dados_trab_3_20_struc_release_dificil_02;90;0,4,5,10,13,14;referencia + 0.200*Cmax em posicoes selecionadas
dados_trab_3_20_struc_03;struc;3;20;3;536;/mnt/d/Codigos_Angelita_Artigo_01/Codigos_Angelita_C_Tudo/Artigo_01/03_Com_Release_Dificil/03_Instancias_Geradas/01_Estruturadas/dados_trab_3_20_struc_release_dificil_03;108;4,7,13,14,15,18;referencia + 0.200*Cmax em posicoes selecionadas
dados_trab_3_20_struc_04;struc;3;20;4;484;/mnt/d/Codigos_Angelita_Artigo_01/Codigos_Angelita_C_Tudo/Artigo_01/03_Com_Release_Dificil/03_Instancias_Geradas/01_Estruturadas/dados_trab_3_20_struc_release_dificil_04;97;1,3,6,12,18,19;referencia + 0.200*Cmax em posicoes selecionadas
dados_trab_3_20_struc_05;struc;3;20;5;467;/mnt/d/Codigos_Angelita_Artigo_01/Codigos_Angelita_C_Tudo/Artigo_01/03_Com_Release_Dificil/03_Instancias_Geradas/01_Estruturadas/dados_trab_3_20_struc_release_dificil_05;94;2,6,12,13,15,19;referencia + 0.200*Cmax em posicoes selecionadas
dados_trab_3_20_struc_06;struc;3;20;6;575;/mnt/d/Codigos_Angelita_Artigo_01/Codigos_Angelita_C_Tudo/Artigo_01/03_Com_Release_Dificil/03_Instancias_Geradas/01_Estruturadas/dados_trab_3_20_struc_release_dificil_06;115;7,8,9,12,14,19;referencia + 0.200*Cmax em posicoes selecionadas
dados_trab_3_20_struc_07;struc;3;20;7;501;/mnt/d/Codigos_Angelita_Artigo_01/Codigos_Angelita_C_Tudo/Artigo_01/03_Com_Release_Dificil/03_Instancias_Geradas/01_Estruturadas/dados_trab_3_20_struc_release_dificil_07;101;5,11,13,15,16,17;referencia + 0.200*Cmax em posicoes selecionadas
dados_trab_3_20_struc_08;struc;3;20;8;522;/mnt/d/Codigos_Angelita_Artigo_01/Codigos_Angelita_C_Tudo/Artigo_01/03_Com_Release_Dificil/03_Instancias_Geradas/01_Estruturadas/dados_trab_3_20_struc_release_dificil_08;105;5,7,8,10,14,17,19;referencia + 0.200*Cmax em posicoes selecionadas
dados_trab_3_20_struc_09;struc;3;20;9;575;/mnt/d/Codigos_Angelita_Artigo_01/Codigos_Angelita_C_Tudo/Artigo_01/03_Com_Release_Dificil/03_Instancias_Geradas/01_Estruturadas/dados_trab_3_20_struc_release_dificil_09;115;3,5,7,14,15,18;referencia + 0.200*Cmax em posicoes selecionadas
dados_trab_3_20_struc_10;struc;3;20;10;429;/mnt/d/Codigos_Angelita_Artigo_01/Codigos_Angelita_C_Tudo/Artigo_01/03_Com_Release_Dificil/03_Instancias_Geradas/01_Estruturadas/dados_trab_3_20_struc_release_dificil_10;86;2,3,4,5,8,15;referencia + 0.200*Cmax em posicoes selecionadas
dados_trab_3_30_nonstruc_01;nonstruc;3;30;1;634;/mnt/d/Codigos_Angelita_Artigo_01/Codigos_Angelita_C_Tudo/Artigo_01/03_Com_Release_Dificil/03_Instancias_Geradas/02_Nao_Estruturadas/dados_trab_3_30_nonstruc_release_dificil_01;127;0,2,4,6,10,14,18,28,29;referencia + 0.200*Cmax em posicoes selecionadas
dados_trab_3_30_nonstruc_02;nonstruc;3;30;2;646;/mnt/d/Codigos_Angelita_Artigo_01/Codigos_Angelita_C_Tudo/Artigo_01/03_Com_Release_Dificil/03_Instancias_Geradas/02_Nao_Estruturadas/dados_trab_3_30_nonstruc_release_dificil_02;130;0,8,11,20,21,23,24,27;referencia + 0.200*Cmax em posicoes selecionadas
dados_trab_3_30_nonstruc_03;nonstruc;3;30;3;580;/mnt/d/Codigos_Angelita_Artigo_01/Codigos_Angelita_C_Tudo/Artigo_01/03_Com_Release_Dificil/03_Instancias_Geradas/02_Nao_Estruturadas/dados_trab_3_30_nonstruc_release_dificil_03;116;0,2,4,6,8,13,18,21,28;referencia + 0.200*Cmax em posicoes selecionadas
dados_trab_3_30_nonstruc_04;nonstruc;3;30;4;616;/mnt/d/Codigos_Angelita_Artigo_01/Codigos_Angelita_C_Tudo/Artigo_01/03_Com_Release_Dificil/03_Instancias_Geradas/02_Nao_Estruturadas/dados_trab_3_30_nonstruc_release_dificil_04;124;0,2,5,12,16,20,21,27,28;referencia + 0.200*Cmax em posicoes selecionadas
dados_trab_3_30_nonstruc_05;nonstruc;3;30;5;651;/mnt/d/Codigos_Angelita_Artigo_01/Codigos_Angelita_C_Tudo/Artigo_01/03_Com_Release_Dificil/03_Instancias_Geradas/02_Nao_Estruturadas/dados_trab_3_30_nonstruc_release_dificil_05;131;1,4,8,15,21,24,25,28;referencia + 0.200*Cmax em posicoes selecionadas
dados_trab_3_30_nonstruc_06;nonstruc;3;30;6;630;/mnt/d/Codigos_Angelita_Artigo_01/Codigos_Angelita_C_Tudo/Artigo_01/03_Com_Release_Dificil/03_Instancias_Geradas/02_Nao_Estruturadas/dados_trab_3_30_nonstruc_release_dificil_06;126;0,6,8,11,13,17,22,27,28;referencia + 0.200*Cmax em posicoes selecionadas
dados_trab_3_30_nonstruc_07;nonstruc;3;30;7;608;/mnt/d/Codigos_Angelita_Artigo_01/Codigos_Angelita_C_Tudo/Artigo_01/03_Com_Release_Dificil/03_Instancias_Geradas/02_Nao_Estruturadas/dados_trab_3_30_nonstruc_release_dificil_07;122;0,5,7,15,17,23,24,25,27;referencia + 0.200*Cmax em posicoes selecionadas
dados_trab_3_30_nonstruc_08;nonstruc;3;30;8;593;/mnt/d/Codigos_Angelita_Artigo_01/Codigos_Angelita_C_Tudo/Artigo_01/03_Com_Release_Dificil/03_Instancias_Geradas/02_Nao_Estruturadas/dados_trab_3_30_nonstruc_release_dificil_08;119;1,3,5,6,7,8,10,15,21;referencia + 0.200*Cmax em posicoes selecionadas
dados_trab_3_30_nonstruc_09;nonstruc;3;30;9;597;/mnt/d/Codigos_Angelita_Artigo_01/Codigos_Angelita_C_Tudo/Artigo_01/03_Com_Release_Dificil/03_Instancias_Geradas/02_Nao_Estruturadas/dados_trab_3_30_nonstruc_release_dificil_09;120;3,4,7,22,24,27,28,29;referencia + 0.200*Cmax em posicoes selecionadas
dados_trab_3_30_nonstruc_10;nonstruc;3;30;10;594;/mnt/d/Codigos_Angelita_Artigo_01/Codigos_Angelita_C_Tudo/Artigo_01/03_Com_Release_Dificil/03_Instancias_Geradas/02_Nao_Estruturadas/dados_trab_3_30_nonstruc_release_dificil_10;119;1,4,7,13,16,17,18,24,27;referencia + 0.200*Cmax em posicoes selecionadas
dados_trab_3_30_struc_01;struc;3;30;1;839;/mnt/d/Codigos_Angelita_Artigo_01/Codigos_Angelita_C_Tudo/Artigo_01/03_Com_Release_Dificil/03_Instancias_Geradas/01_Estruturadas/dados_trab_3_30_struc_release_dificil_01;168;1,5,6,7,15,23,25,27,29;referencia + 0.200*Cmax em posicoes selecionadas
dados_trab_3_30_struc_02;struc;3;30;2;605;/mnt/d/Codigos_Angelita_Artigo_01/Codigos_Angelita_C_Tudo/Artigo_01/03_Com_Release_Dificil/03_Instancias_Geradas/01_Estruturadas/dados_trab_3_30_struc_release_dificil_02;121;1,3,7,8,13,16,19,22,25;referencia + 0.200*Cmax em posicoes selecionadas
dados_trab_3_30_struc_03;struc;3;30;3;734;/mnt/d/Codigos_Angelita_Artigo_01/Codigos_Angelita_C_Tudo/Artigo_01/03_Com_Release_Dificil/03_Instancias_Geradas/01_Estruturadas/dados_trab_3_30_struc_release_dificil_03;147;1,7,12,14,21,25,27,28,29;referencia + 0.200*Cmax em posicoes selecionadas
dados_trab_3_30_struc_04;struc;3;30;4;659;/mnt/d/Codigos_Angelita_Artigo_01/Codigos_Angelita_C_Tudo/Artigo_01/03_Com_Release_Dificil/03_Instancias_Geradas/01_Estruturadas/dados_trab_3_30_struc_release_dificil_04;132;2,7,8,10,16,17,20,25,29;referencia + 0.200*Cmax em posicoes selecionadas
dados_trab_3_30_struc_05;struc;3;30;5;655;/mnt/d/Codigos_Angelita_Artigo_01/Codigos_Angelita_C_Tudo/Artigo_01/03_Com_Release_Dificil/03_Instancias_Geradas/01_Estruturadas/dados_trab_3_30_struc_release_dificil_05;131;7,8,11,13,19,22,23,25,27;referencia + 0.200*Cmax em posicoes selecionadas
dados_trab_3_30_struc_06;struc;3;30;6;631;/mnt/d/Codigos_Angelita_Artigo_01/Codigos_Angelita_C_Tudo/Artigo_01/03_Com_Release_Dificil/03_Instancias_Geradas/01_Estruturadas/dados_trab_3_30_struc_release_dificil_06;127;6,8,17,18,20,22,23,24;referencia + 0.200*Cmax em posicoes selecionadas
dados_trab_3_30_struc_07;struc;3;30;7;663;/mnt/d/Codigos_Angelita_Artigo_01/Codigos_Angelita_C_Tudo/Artigo_01/03_Com_Release_Dificil/03_Instancias_Geradas/01_Estruturadas/dados_trab_3_30_struc_release_dificil_07;133;1,3,5,11,14,20,23,29;referencia + 0.200*Cmax em posicoes selecionadas
dados_trab_3_30_struc_08;struc;3;30;8;653;/mnt/d/Codigos_Angelita_Artigo_01/Codigos_Angelita_C_Tudo/Artigo_01/03_Com_Release_Dificil/03_Instancias_Geradas/01_Estruturadas/dados_trab_3_30_struc_release_dificil_08;131;0,4,7,9,11,12,13,17;referencia + 0.200*Cmax em posicoes selecionadas
dados_trab_3_30_struc_09;struc;3;30;9;794;/mnt/d/Codigos_Angelita_Artigo_01/Codigos_Angelita_C_Tudo/Artigo_01/03_Com_Release_Dificil/03_Instancias_Geradas/01_Estruturadas/dados_trab_3_30_struc_release_dificil_09;159;7,10,11,13,16,19,25,26,28;referencia + 0.200*Cmax em posicoes selecionadas
dados_trab_3_30_struc_10;struc;3;30;10;704;/mnt/d/Codigos_Angelita_Artigo_01/Codigos_Angelita_C_Tudo/Artigo_01/03_Com_Release_Dificil/03_Instancias_Geradas/01_Estruturadas/dados_trab_3_30_struc_release_dificil_10;141;1,4,5,8,16,19,23,26,27;referencia + 0.200*Cmax em posicoes selecionadas
dados_trab_3_40_nonstruc_01;nonstruc;3;40;1;783;/mnt/d/Codigos_Angelita_Artigo_01/Codigos_Angelita_C_Tudo/Artigo_01/03_Com_Release_Dificil/03_Instancias_Geradas/02_Nao_Estruturadas/dados_trab_3_40_nonstruc_release_dificil_01;157;3,6,9,10,17,19,23,25,27,29,37;referencia + 0.200*Cmax em posicoes selecionadas
dados_trab_3_40_nonstruc_02;nonstruc;3;40;2;690;/mnt/d/Codigos_Angelita_Artigo_01/Codigos_Angelita_C_Tudo/Artigo_01/03_Com_Release_Dificil/03_Instancias_Geradas/02_Nao_Estruturadas/dados_trab_3_40_nonstruc_release_dificil_02;138;0,1,2,4,5,6,11,15,23,28,32;referencia + 0.200*Cmax em posicoes selecionadas
dados_trab_3_40_nonstruc_03;nonstruc;3;40;3;745;/mnt/d/Codigos_Angelita_Artigo_01/Codigos_Angelita_C_Tudo/Artigo_01/03_Com_Release_Dificil/03_Instancias_Geradas/02_Nao_Estruturadas/dados_trab_3_40_nonstruc_release_dificil_03;149;0,4,7,9,11,17,20,26,28,30,33;referencia + 0.200*Cmax em posicoes selecionadas
dados_trab_3_40_nonstruc_04;nonstruc;3;40;4;751;/mnt/d/Codigos_Angelita_Artigo_01/Codigos_Angelita_C_Tudo/Artigo_01/03_Com_Release_Dificil/03_Instancias_Geradas/02_Nao_Estruturadas/dados_trab_3_40_nonstruc_release_dificil_04;151;2,7,10,13,17,24,25,27,32,33,36;referencia + 0.200*Cmax em posicoes selecionadas
dados_trab_3_40_nonstruc_05;nonstruc;3;40;5;913;/mnt/d/Codigos_Angelita_Artigo_01/Codigos_Angelita_C_Tudo/Artigo_01/03_Com_Release_Dificil/03_Instancias_Geradas/02_Nao_Estruturadas/dados_trab_3_40_nonstruc_release_dificil_05;183;3,9,11,16,22,23,26,29,30,34,38;referencia + 0.200*Cmax em posicoes selecionadas
dados_trab_3_40_nonstruc_06;nonstruc;3;40;6;874;/mnt/d/Codigos_Angelita_Artigo_01/Codigos_Angelita_C_Tudo/Artigo_01/03_Com_Release_Dificil/03_Instancias_Geradas/02_Nao_Estruturadas/dados_trab_3_40_nonstruc_release_dificil_06;175;0,1,5,7,11,25,32,34,35,38,39;referencia + 0.200*Cmax em posicoes selecionadas
dados_trab_3_40_nonstruc_07;nonstruc;3;40;7;785;/mnt/d/Codigos_Angelita_Artigo_01/Codigos_Angelita_C_Tudo/Artigo_01/03_Com_Release_Dificil/03_Instancias_Geradas/02_Nao_Estruturadas/dados_trab_3_40_nonstruc_release_dificil_07;157;8,11,14,19,22,25,26,27,29,31,33;referencia + 0.200*Cmax em posicoes selecionadas
dados_trab_3_40_nonstruc_08;nonstruc;3;40;8;854;/mnt/d/Codigos_Angelita_Artigo_01/Codigos_Angelita_C_Tudo/Artigo_01/03_Com_Release_Dificil/03_Instancias_Geradas/02_Nao_Estruturadas/dados_trab_3_40_nonstruc_release_dificil_08;171;0,8,10,11,17,19,22,28,33,34,39;referencia + 0.200*Cmax em posicoes selecionadas
dados_trab_3_40_nonstruc_09;nonstruc;3;40;9;933;/mnt/d/Codigos_Angelita_Artigo_01/Codigos_Angelita_C_Tudo/Artigo_01/03_Com_Release_Dificil/03_Instancias_Geradas/02_Nao_Estruturadas/dados_trab_3_40_nonstruc_release_dificil_09;187;3,4,6,9,11,14,18,32,34,36,38;referencia + 0.200*Cmax em posicoes selecionadas
dados_trab_3_40_nonstruc_10;nonstruc;3;40;10;805;/mnt/d/Codigos_Angelita_Artigo_01/Codigos_Angelita_C_Tudo/Artigo_01/03_Com_Release_Dificil/03_Instancias_Geradas/02_Nao_Estruturadas/dados_trab_3_40_nonstruc_release_dificil_10;161;5,8,9,12,13,18,28,30,36,37,38;referencia + 0.200*Cmax em posicoes selecionadas
dados_trab_3_40_struc_01;struc;3;40;1;1026;/mnt/d/Codigos_Angelita_Artigo_01/Codigos_Angelita_C_Tudo/Artigo_01/03_Com_Release_Dificil/03_Instancias_Geradas/01_Estruturadas/dados_trab_3_40_struc_release_dificil_01;206;6,9,10,13,24,29,30,32,34,37,39;referencia + 0.200*Cmax em posicoes selecionadas
dados_trab_3_40_struc_02;struc;3;40;2;1035;/mnt/d/Codigos_Angelita_Artigo_01/Codigos_Angelita_C_Tudo/Artigo_01/03_Com_Release_Dificil/03_Instancias_Geradas/01_Estruturadas/dados_trab_3_40_struc_release_dificil_02;207;1,3,5,6,8,10,13,15,25,27,34;referencia + 0.200*Cmax em posicoes selecionadas
dados_trab_3_40_struc_03;struc;3;40;3;881;/mnt/d/Codigos_Angelita_Artigo_01/Codigos_Angelita_C_Tudo/Artigo_01/03_Com_Release_Dificil/03_Instancias_Geradas/01_Estruturadas/dados_trab_3_40_struc_release_dificil_03;177;2,3,4,9,13,19,24,25,36,37,38;referencia + 0.200*Cmax em posicoes selecionadas
dados_trab_3_40_struc_04;struc;3;40;4;866;/mnt/d/Codigos_Angelita_Artigo_01/Codigos_Angelita_C_Tudo/Artigo_01/03_Com_Release_Dificil/03_Instancias_Geradas/01_Estruturadas/dados_trab_3_40_struc_release_dificil_04;174;1,2,5,7,13,18,23,24,29,31,33;referencia + 0.200*Cmax em posicoes selecionadas
dados_trab_3_40_struc_05;struc;3;40;5;831;/mnt/d/Codigos_Angelita_Artigo_01/Codigos_Angelita_C_Tudo/Artigo_01/03_Com_Release_Dificil/03_Instancias_Geradas/01_Estruturadas/dados_trab_3_40_struc_release_dificil_05;167;2,4,6,14,17,19,23,24,31,37,39;referencia + 0.200*Cmax em posicoes selecionadas
dados_trab_3_40_struc_06;struc;3;40;6;934;/mnt/d/Codigos_Angelita_Artigo_01/Codigos_Angelita_C_Tudo/Artigo_01/03_Com_Release_Dificil/03_Instancias_Geradas/01_Estruturadas/dados_trab_3_40_struc_release_dificil_06;187;0,4,7,10,15,20,25,28,29,32,35,38;referencia + 0.200*Cmax em posicoes selecionadas
dados_trab_3_40_struc_07;struc;3;40;7;937;/mnt/d/Codigos_Angelita_Artigo_01/Codigos_Angelita_C_Tudo/Artigo_01/03_Com_Release_Dificil/03_Instancias_Geradas/01_Estruturadas/dados_trab_3_40_struc_release_dificil_07;188;0,8,11,12,15,19,21,24,38,39;referencia + 0.200*Cmax em posicoes selecionadas
dados_trab_3_40_struc_08;struc;3;40;8;908;/mnt/d/Codigos_Angelita_Artigo_01/Codigos_Angelita_C_Tudo/Artigo_01/03_Com_Release_Dificil/03_Instancias_Geradas/01_Estruturadas/dados_trab_3_40_struc_release_dificil_08;182;6,11,13,16,21,26,28,30,37,39;referencia + 0.200*Cmax em posicoes selecionadas
dados_trab_3_40_struc_09;struc;3;40;9;861;/mnt/d/Codigos_Angelita_Artigo_01/Codigos_Angelita_C_Tudo/Artigo_01/03_Com_Release_Dificil/03_Instancias_Geradas/01_Estruturadas/dados_trab_3_40_struc_release_dificil_09;173;8,9,10,11,13,17,19,20,27,35,36,38;referencia + 0.200*Cmax em posicoes selecionadas
dados_trab_3_40_struc_10;struc;3;40;10;868;/mnt/d/Codigos_Angelita_Artigo_01/Codigos_Angelita_C_Tudo/Artigo_01/03_Com_Release_Dificil/03_Instancias_Geradas/01_Estruturadas/dados_trab_3_40_struc_release_dificil_10;174;1,5,9,11,21,22,32,33,34,35,36;referencia + 0.200*Cmax em posicoes selecionadas
dados_trab_3_50_nonstruc_01;nonstruc;3;50;1;848;/mnt/d/Codigos_Angelita_Artigo_01/Codigos_Angelita_C_Tudo/Artigo_01/03_Com_Release_Dificil/03_Instancias_Geradas/02_Nao_Estruturadas/dados_trab_3_50_nonstruc_release_dificil_01;170;3,9,10,11,13,16,19,20,21,22,23,31,32,48;referencia + 0.200*Cmax em posicoes selecionadas
dados_trab_3_50_nonstruc_02;nonstruc;3;50;2;985;/mnt/d/Codigos_Angelita_Artigo_01/Codigos_Angelita_C_Tudo/Artigo_01/03_Com_Release_Dificil/03_Instancias_Geradas/02_Nao_Estruturadas/dados_trab_3_50_nonstruc_release_dificil_02;197;6,10,13,19,24,26,28,30,32,36,43,47,49;referencia + 0.200*Cmax em posicoes selecionadas
dados_trab_3_50_nonstruc_03;nonstruc;3;50;3;1134;/mnt/d/Codigos_Angelita_Artigo_01/Codigos_Angelita_C_Tudo/Artigo_01/03_Com_Release_Dificil/03_Instancias_Geradas/02_Nao_Estruturadas/dados_trab_3_50_nonstruc_release_dificil_03;227;1,4,18,24,25,27,28,33,35,39,42,45,48;referencia + 0.200*Cmax em posicoes selecionadas
dados_trab_3_50_nonstruc_04;nonstruc;3;50;4;934;/mnt/d/Codigos_Angelita_Artigo_01/Codigos_Angelita_C_Tudo/Artigo_01/03_Com_Release_Dificil/03_Instancias_Geradas/02_Nao_Estruturadas/dados_trab_3_50_nonstruc_release_dificil_04;187;1,2,5,15,20,22,24,28,34,38,40,47,48;referencia + 0.200*Cmax em posicoes selecionadas
dados_trab_3_50_nonstruc_05;nonstruc;3;50;5;1019;/mnt/d/Codigos_Angelita_Artigo_01/Codigos_Angelita_C_Tudo/Artigo_01/03_Com_Release_Dificil/03_Instancias_Geradas/02_Nao_Estruturadas/dados_trab_3_50_nonstruc_release_dificil_05;204;1,5,8,14,16,24,25,26,28,32,35,42,47;referencia + 0.200*Cmax em posicoes selecionadas
dados_trab_3_50_nonstruc_06;nonstruc;3;50;6;926;/mnt/d/Codigos_Angelita_Artigo_01/Codigos_Angelita_C_Tudo/Artigo_01/03_Com_Release_Dificil/03_Instancias_Geradas/02_Nao_Estruturadas/dados_trab_3_50_nonstruc_release_dificil_06;186;3,5,6,8,9,12,16,20,23,24,32,42,49;referencia + 0.200*Cmax em posicoes selecionadas
dados_trab_3_50_nonstruc_07;nonstruc;3;50;7;1064;/mnt/d/Codigos_Angelita_Artigo_01/Codigos_Angelita_C_Tudo/Artigo_01/03_Com_Release_Dificil/03_Instancias_Geradas/02_Nao_Estruturadas/dados_trab_3_50_nonstruc_release_dificil_07;213;4,5,6,7,8,22,30,31,32,36,37,38,41,46;referencia + 0.200*Cmax em posicoes selecionadas
dados_trab_3_50_nonstruc_08;nonstruc;3;50;8;1056;/mnt/d/Codigos_Angelita_Artigo_01/Codigos_Angelita_C_Tudo/Artigo_01/03_Com_Release_Dificil/03_Instancias_Geradas/02_Nao_Estruturadas/dados_trab_3_50_nonstruc_release_dificil_08;212;2,4,9,21,26,37,38,39,40,42,44,47,49;referencia + 0.200*Cmax em posicoes selecionadas
dados_trab_3_50_nonstruc_09;nonstruc;3;50;9;887;/mnt/d/Codigos_Angelita_Artigo_01/Codigos_Angelita_C_Tudo/Artigo_01/03_Com_Release_Dificil/03_Instancias_Geradas/02_Nao_Estruturadas/dados_trab_3_50_nonstruc_release_dificil_09;178;0,1,3,4,5,10,14,23,29,32,33,36,44,46;referencia + 0.200*Cmax em posicoes selecionadas
dados_trab_3_50_nonstruc_10;nonstruc;3;50;10;1031;/mnt/d/Codigos_Angelita_Artigo_01/Codigos_Angelita_C_Tudo/Artigo_01/03_Com_Release_Dificil/03_Instancias_Geradas/02_Nao_Estruturadas/dados_trab_3_50_nonstruc_release_dificil_10;207;3,5,14,16,18,23,26,32,36,37,42,46,49;referencia + 0.200*Cmax em posicoes selecionadas
dados_trab_3_50_struc_01;struc;3;50;1;1155;/mnt/d/Codigos_Angelita_Artigo_01/Codigos_Angelita_C_Tudo/Artigo_01/03_Com_Release_Dificil/03_Instancias_Geradas/01_Estruturadas/dados_trab_3_50_struc_release_dificil_01;231;0,1,6,7,8,10,12,13,22,39,41,43,45,47;referencia + 0.200*Cmax em posicoes selecionadas
dados_trab_3_50_struc_02;struc;3;50;2;1084;/mnt/d/Codigos_Angelita_Artigo_01/Codigos_Angelita_C_Tudo/Artigo_01/03_Com_Release_Dificil/03_Instancias_Geradas/01_Estruturadas/dados_trab_3_50_struc_release_dificil_02;217;0,8,11,14,24,26,32,33,35,40,43,45,47;referencia + 0.200*Cmax em posicoes selecionadas
dados_trab_3_50_struc_03;struc;3;50;3;1052;/mnt/d/Codigos_Angelita_Artigo_01/Codigos_Angelita_C_Tudo/Artigo_01/03_Com_Release_Dificil/03_Instancias_Geradas/01_Estruturadas/dados_trab_3_50_struc_release_dificil_03;211;4,5,12,15,18,21,23,25,27,29,32,34,35,48;referencia + 0.200*Cmax em posicoes selecionadas
dados_trab_3_50_struc_04;struc;3;50;4;1087;/mnt/d/Codigos_Angelita_Artigo_01/Codigos_Angelita_C_Tudo/Artigo_01/03_Com_Release_Dificil/03_Instancias_Geradas/01_Estruturadas/dados_trab_3_50_struc_release_dificil_04;218;5,6,7,10,11,15,27,29,31,34,39,45,47,49;referencia + 0.200*Cmax em posicoes selecionadas
dados_trab_3_50_struc_05;struc;3;50;5;1124;/mnt/d/Codigos_Angelita_Artigo_01/Codigos_Angelita_C_Tudo/Artigo_01/03_Com_Release_Dificil/03_Instancias_Geradas/01_Estruturadas/dados_trab_3_50_struc_release_dificil_05;225;5,10,13,15,18,23,27,31,33,34,42,44,47;referencia + 0.200*Cmax em posicoes selecionadas
dados_trab_3_50_struc_06;struc;3;50;6;993;/mnt/d/Codigos_Angelita_Artigo_01/Codigos_Angelita_C_Tudo/Artigo_01/03_Com_Release_Dificil/03_Instancias_Geradas/01_Estruturadas/dados_trab_3_50_struc_release_dificil_06;199;1,5,8,11,14,15,18,22,23,26,28,45,48,49;referencia + 0.200*Cmax em posicoes selecionadas
dados_trab_3_50_struc_07;struc;3;50;7;925;/mnt/d/Codigos_Angelita_Artigo_01/Codigos_Angelita_C_Tudo/Artigo_01/03_Com_Release_Dificil/03_Instancias_Geradas/01_Estruturadas/dados_trab_3_50_struc_release_dificil_07;185;1,6,7,8,9,10,12,21,28,37,39,43,44,46;referencia + 0.200*Cmax em posicoes selecionadas
dados_trab_3_50_struc_08;struc;3;50;8;1218;/mnt/d/Codigos_Angelita_Artigo_01/Codigos_Angelita_C_Tudo/Artigo_01/03_Com_Release_Dificil/03_Instancias_Geradas/01_Estruturadas/dados_trab_3_50_struc_release_dificil_08;244;0,2,10,13,18,20,25,26,30,32,36,42,49;referencia + 0.200*Cmax em posicoes selecionadas
dados_trab_3_50_struc_09;struc;3;50;9;1178;/mnt/d/Codigos_Angelita_Artigo_01/Codigos_Angelita_C_Tudo/Artigo_01/03_Com_Release_Dificil/03_Instancias_Geradas/01_Estruturadas/dados_trab_3_50_struc_release_dificil_09;236;0,3,4,17,23,24,28,33,37,40,45,47,48;referencia + 0.200*Cmax em posicoes selecionadas
dados_trab_3_50_struc_10;struc;3;50;10;1052;/mnt/d/Codigos_Angelita_Artigo_01/Codigos_Angelita_C_Tudo/Artigo_01/03_Com_Release_Dificil/03_Instancias_Geradas/01_Estruturadas/dados_trab_3_50_struc_release_dificil_10;211;4,7,8,14,15,22,23,24,27,33,39,45,46;referencia + 0.200*Cmax em posicoes selecionadas
dados_trab_4_20_nonstruc_01;nonstruc;4;20;1;290;/mnt/d/Codigos_Angelita_Artigo_01/Codigos_Angelita_C_Tudo/Artigo_01/03_Com_Release_Dificil/03_Instancias_Geradas/02_Nao_Estruturadas/dados_trab_4_20_nonstruc_release_dificil_01;58;0,7,9,10,12,19;referencia + 0.200*Cmax em posicoes selecionadas
dados_trab_4_20_nonstruc_02;nonstruc;4;20;2;324;/mnt/d/Codigos_Angelita_Artigo_01/Codigos_Angelita_C_Tudo/Artigo_01/03_Com_Release_Dificil/03_Instancias_Geradas/02_Nao_Estruturadas/dados_trab_4_20_nonstruc_release_dificil_02;65;3,7,8,10,17,18;referencia + 0.200*Cmax em posicoes selecionadas
dados_trab_4_20_nonstruc_03;nonstruc;4;20;3;291;/mnt/d/Codigos_Angelita_Artigo_01/Codigos_Angelita_C_Tudo/Artigo_01/03_Com_Release_Dificil/03_Instancias_Geradas/02_Nao_Estruturadas/dados_trab_4_20_nonstruc_release_dificil_03;59;0,1,6,7,9,13,14;referencia + 0.200*Cmax em posicoes selecionadas
dados_trab_4_20_nonstruc_04;nonstruc;4;20;4;314;/mnt/d/Codigos_Angelita_Artigo_01/Codigos_Angelita_C_Tudo/Artigo_01/03_Com_Release_Dificil/03_Instancias_Geradas/02_Nao_Estruturadas/dados_trab_4_20_nonstruc_release_dificil_04;63;3,6,12,14,15,17,18;referencia + 0.200*Cmax em posicoes selecionadas
dados_trab_4_20_nonstruc_05;nonstruc;4;20;5;302;/mnt/d/Codigos_Angelita_Artigo_01/Codigos_Angelita_C_Tudo/Artigo_01/03_Com_Release_Dificil/03_Instancias_Geradas/02_Nao_Estruturadas/dados_trab_4_20_nonstruc_release_dificil_05;61;1,3,4,5,12,19;referencia + 0.200*Cmax em posicoes selecionadas
dados_trab_4_20_nonstruc_06;nonstruc;4;20;6;332;/mnt/d/Codigos_Angelita_Artigo_01/Codigos_Angelita_C_Tudo/Artigo_01/03_Com_Release_Dificil/03_Instancias_Geradas/02_Nao_Estruturadas/dados_trab_4_20_nonstruc_release_dificil_06;67;4,7,9,11,12,13,17;referencia + 0.200*Cmax em posicoes selecionadas
dados_trab_4_20_nonstruc_07;nonstruc;4;20;7;345;/mnt/d/Codigos_Angelita_Artigo_01/Codigos_Angelita_C_Tudo/Artigo_01/03_Com_Release_Dificil/03_Instancias_Geradas/02_Nao_Estruturadas/dados_trab_4_20_nonstruc_release_dificil_07;69;4,6,12,14,15,19;referencia + 0.200*Cmax em posicoes selecionadas
dados_trab_4_20_nonstruc_08;nonstruc;4;20;8;375;/mnt/d/Codigos_Angelita_Artigo_01/Codigos_Angelita_C_Tudo/Artigo_01/03_Com_Release_Dificil/03_Instancias_Geradas/02_Nao_Estruturadas/dados_trab_4_20_nonstruc_release_dificil_08;75;0,2,7,10,18,19;referencia + 0.200*Cmax em posicoes selecionadas
dados_trab_4_20_nonstruc_09;nonstruc;4;20;9;318;/mnt/d/Codigos_Angelita_Artigo_01/Codigos_Angelita_C_Tudo/Artigo_01/03_Com_Release_Dificil/03_Instancias_Geradas/02_Nao_Estruturadas/dados_trab_4_20_nonstruc_release_dificil_09;64;0,2,6,8,11,14,19;referencia + 0.200*Cmax em posicoes selecionadas
dados_trab_4_20_nonstruc_10;nonstruc;4;20;10;321;/mnt/d/Codigos_Angelita_Artigo_01/Codigos_Angelita_C_Tudo/Artigo_01/03_Com_Release_Dificil/03_Instancias_Geradas/02_Nao_Estruturadas/dados_trab_4_20_nonstruc_release_dificil_10;65;2,3,5,12,13,16;referencia + 0.200*Cmax em posicoes selecionadas
dados_trab_4_20_struc_01;struc;4;20;1;375;/mnt/d/Codigos_Angelita_Artigo_01/Codigos_Angelita_C_Tudo/Artigo_01/03_Com_Release_Dificil/03_Instancias_Geradas/01_Estruturadas/dados_trab_4_20_struc_release_dificil_01;75;2,3,4,5,7,10,14;referencia + 0.200*Cmax em posicoes selecionadas
dados_trab_4_20_struc_02;struc;4;20;2;357;/mnt/d/Codigos_Angelita_Artigo_01/Codigos_Angelita_C_Tudo/Artigo_01/03_Com_Release_Dificil/03_Instancias_Geradas/01_Estruturadas/dados_trab_4_20_struc_release_dificil_02;72;0,2,11,14,16,17,19;referencia + 0.200*Cmax em posicoes selecionadas
dados_trab_4_20_struc_03;struc;4;20;3;373;/mnt/d/Codigos_Angelita_Artigo_01/Codigos_Angelita_C_Tudo/Artigo_01/03_Com_Release_Dificil/03_Instancias_Geradas/01_Estruturadas/dados_trab_4_20_struc_release_dificil_03;75;1,3,5,6,11,16,17;referencia + 0.200*Cmax em posicoes selecionadas
dados_trab_4_20_struc_04;struc;4;20;4;438;/mnt/d/Codigos_Angelita_Artigo_01/Codigos_Angelita_C_Tudo/Artigo_01/03_Com_Release_Dificil/03_Instancias_Geradas/01_Estruturadas/dados_trab_4_20_struc_release_dificil_04;88;1,5,7,8,13,16,18;referencia + 0.200*Cmax em posicoes selecionadas
dados_trab_4_20_struc_05;struc;4;20;5;342;/mnt/d/Codigos_Angelita_Artigo_01/Codigos_Angelita_C_Tudo/Artigo_01/03_Com_Release_Dificil/03_Instancias_Geradas/01_Estruturadas/dados_trab_4_20_struc_release_dificil_05;69;1,3,4,7,8,14,15,16;referencia + 0.200*Cmax em posicoes selecionadas
dados_trab_4_20_struc_06;struc;4;20;6;386;/mnt/d/Codigos_Angelita_Artigo_01/Codigos_Angelita_C_Tudo/Artigo_01/03_Com_Release_Dificil/03_Instancias_Geradas/01_Estruturadas/dados_trab_4_20_struc_release_dificil_06;78;3,4,11,12,16,17,19;referencia + 0.200*Cmax em posicoes selecionadas
dados_trab_4_20_struc_07;struc;4;20;7;302;/mnt/d/Codigos_Angelita_Artigo_01/Codigos_Angelita_C_Tudo/Artigo_01/03_Com_Release_Dificil/03_Instancias_Geradas/01_Estruturadas/dados_trab_4_20_struc_release_dificil_07;61;0,1,6,7,8,17,18;referencia + 0.200*Cmax em posicoes selecionadas
dados_trab_4_20_struc_08;struc;4;20;8;416;/mnt/d/Codigos_Angelita_Artigo_01/Codigos_Angelita_C_Tudo/Artigo_01/03_Com_Release_Dificil/03_Instancias_Geradas/01_Estruturadas/dados_trab_4_20_struc_release_dificil_08;84;1,2,7,8,9,12,14,19;referencia + 0.200*Cmax em posicoes selecionadas
dados_trab_4_20_struc_09;struc;4;20;9;418;/mnt/d/Codigos_Angelita_Artigo_01/Codigos_Angelita_C_Tudo/Artigo_01/03_Com_Release_Dificil/03_Instancias_Geradas/01_Estruturadas/dados_trab_4_20_struc_release_dificil_09;84;0,2,5,12,15,17,18;referencia + 0.200*Cmax em posicoes selecionadas
dados_trab_4_20_struc_10;struc;4;20;10;326;/mnt/d/Codigos_Angelita_Artigo_01/Codigos_Angelita_C_Tudo/Artigo_01/03_Com_Release_Dificil/03_Instancias_Geradas/01_Estruturadas/dados_trab_4_20_struc_release_dificil_10;66;2,4,6,7,9,12;referencia + 0.200*Cmax em posicoes selecionadas
dados_trab_4_30_nonstruc_01;nonstruc;4;30;1;442;/mnt/d/Codigos_Angelita_Artigo_01/Codigos_Angelita_C_Tudo/Artigo_01/03_Com_Release_Dificil/03_Instancias_Geradas/02_Nao_Estruturadas/dados_trab_4_30_nonstruc_release_dificil_01;89;3,4,9,10,13,14,15,17;referencia + 0.200*Cmax em posicoes selecionadas
dados_trab_4_30_nonstruc_02;nonstruc;4;30;2;486;/mnt/d/Codigos_Angelita_Artigo_01/Codigos_Angelita_C_Tudo/Artigo_01/03_Com_Release_Dificil/03_Instancias_Geradas/02_Nao_Estruturadas/dados_trab_4_30_nonstruc_release_dificil_02;98;0,6,9,10,15,21,22,26,27;referencia + 0.200*Cmax em posicoes selecionadas
dados_trab_4_30_nonstruc_03;nonstruc;4;30;3;517;/mnt/d/Codigos_Angelita_Artigo_01/Codigos_Angelita_C_Tudo/Artigo_01/03_Com_Release_Dificil/03_Instancias_Geradas/02_Nao_Estruturadas/dados_trab_4_30_nonstruc_release_dificil_03;104;5,6,10,12,15,17,18,20,28;referencia + 0.200*Cmax em posicoes selecionadas
dados_trab_4_30_nonstruc_04;nonstruc;4;30;4;474;/mnt/d/Codigos_Angelita_Artigo_01/Codigos_Angelita_C_Tudo/Artigo_01/03_Com_Release_Dificil/03_Instancias_Geradas/02_Nao_Estruturadas/dados_trab_4_30_nonstruc_release_dificil_04;95;4,5,6,18,20,24,25,26,27;referencia + 0.200*Cmax em posicoes selecionadas
dados_trab_4_30_nonstruc_05;nonstruc;4;30;5;380;/mnt/d/Codigos_Angelita_Artigo_01/Codigos_Angelita_C_Tudo/Artigo_01/03_Com_Release_Dificil/03_Instancias_Geradas/02_Nao_Estruturadas/dados_trab_4_30_nonstruc_release_dificil_05;76;2,6,7,12,17,21,25,26,29;referencia + 0.200*Cmax em posicoes selecionadas
dados_trab_4_30_nonstruc_06;nonstruc;4;30;6;502;/mnt/d/Codigos_Angelita_Artigo_01/Codigos_Angelita_C_Tudo/Artigo_01/03_Com_Release_Dificil/03_Instancias_Geradas/02_Nao_Estruturadas/dados_trab_4_30_nonstruc_release_dificil_06;101;6,9,10,12,13,16,18,21,29;referencia + 0.200*Cmax em posicoes selecionadas
dados_trab_4_30_nonstruc_07;nonstruc;4;30;7;495;/mnt/d/Codigos_Angelita_Artigo_01/Codigos_Angelita_C_Tudo/Artigo_01/03_Com_Release_Dificil/03_Instancias_Geradas/02_Nao_Estruturadas/dados_trab_4_30_nonstruc_release_dificil_07;99;4,5,8,10,14,17,18,20,24;referencia + 0.200*Cmax em posicoes selecionadas
dados_trab_4_30_nonstruc_08;nonstruc;4;30;8;529;/mnt/d/Codigos_Angelita_Artigo_01/Codigos_Angelita_C_Tudo/Artigo_01/03_Com_Release_Dificil/03_Instancias_Geradas/02_Nao_Estruturadas/dados_trab_4_30_nonstruc_release_dificil_08;106;1,3,5,7,14,20,21,23,25;referencia + 0.200*Cmax em posicoes selecionadas
dados_trab_4_30_nonstruc_09;nonstruc;4;30;9;540;/mnt/d/Codigos_Angelita_Artigo_01/Codigos_Angelita_C_Tudo/Artigo_01/03_Com_Release_Dificil/03_Instancias_Geradas/02_Nao_Estruturadas/dados_trab_4_30_nonstruc_release_dificil_09;108;7,10,17,18,20,23,24,28;referencia + 0.200*Cmax em posicoes selecionadas
dados_trab_4_30_nonstruc_10;nonstruc;4;30;10;456;/mnt/d/Codigos_Angelita_Artigo_01/Codigos_Angelita_C_Tudo/Artigo_01/03_Com_Release_Dificil/03_Instancias_Geradas/02_Nao_Estruturadas/dados_trab_4_30_nonstruc_release_dificil_10;92;2,4,5,7,15,16,17,20,26;referencia + 0.200*Cmax em posicoes selecionadas
dados_trab_4_30_struc_01;struc;4;30;1;579;/mnt/d/Codigos_Angelita_Artigo_01/Codigos_Angelita_C_Tudo/Artigo_01/03_Com_Release_Dificil/03_Instancias_Geradas/01_Estruturadas/dados_trab_4_30_struc_release_dificil_01;116;0,3,4,6,17,18,19,21;referencia + 0.200*Cmax em posicoes selecionadas
dados_trab_4_30_struc_02;struc;4;30;2;602;/mnt/d/Codigos_Angelita_Artigo_01/Codigos_Angelita_C_Tudo/Artigo_01/03_Com_Release_Dificil/03_Instancias_Geradas/01_Estruturadas/dados_trab_4_30_struc_release_dificil_02;121;2,5,11,14,19,20,21,24;referencia + 0.200*Cmax em posicoes selecionadas
dados_trab_4_30_struc_03;struc;4;30;3;532;/mnt/d/Codigos_Angelita_Artigo_01/Codigos_Angelita_C_Tudo/Artigo_01/03_Com_Release_Dificil/03_Instancias_Geradas/01_Estruturadas/dados_trab_4_30_struc_release_dificil_03;107;1,5,8,13,17,18,25,27,28;referencia + 0.200*Cmax em posicoes selecionadas
dados_trab_4_30_struc_04;struc;4;30;4;560;/mnt/d/Codigos_Angelita_Artigo_01/Codigos_Angelita_C_Tudo/Artigo_01/03_Com_Release_Dificil/03_Instancias_Geradas/01_Estruturadas/dados_trab_4_30_struc_release_dificil_04;112;3,6,11,13,14,16,21,29;referencia + 0.200*Cmax em posicoes selecionadas
dados_trab_4_30_struc_05;struc;4;30;5;567;/mnt/d/Codigos_Angelita_Artigo_01/Codigos_Angelita_C_Tudo/Artigo_01/03_Com_Release_Dificil/03_Instancias_Geradas/01_Estruturadas/dados_trab_4_30_struc_release_dificil_05;114;1,5,9,11,14,15,18,19,26;referencia + 0.200*Cmax em posicoes selecionadas
dados_trab_4_30_struc_06;struc;4;30;6;614;/mnt/d/Codigos_Angelita_Artigo_01/Codigos_Angelita_C_Tudo/Artigo_01/03_Com_Release_Dificil/03_Instancias_Geradas/01_Estruturadas/dados_trab_4_30_struc_release_dificil_06;123;1,4,7,8,13,15,17,20,26;referencia + 0.200*Cmax em posicoes selecionadas
dados_trab_4_30_struc_07;struc;4;30;7;515;/mnt/d/Codigos_Angelita_Artigo_01/Codigos_Angelita_C_Tudo/Artigo_01/03_Com_Release_Dificil/03_Instancias_Geradas/01_Estruturadas/dados_trab_4_30_struc_release_dificil_07;103;1,2,3,11,13,14,20,21,26;referencia + 0.200*Cmax em posicoes selecionadas
dados_trab_4_30_struc_08;struc;4;30;8;484;/mnt/d/Codigos_Angelita_Artigo_01/Codigos_Angelita_C_Tudo/Artigo_01/03_Com_Release_Dificil/03_Instancias_Geradas/01_Estruturadas/dados_trab_4_30_struc_release_dificil_08;97;0,2,5,14,21,24,26,27,28;referencia + 0.200*Cmax em posicoes selecionadas
dados_trab_4_30_struc_09;struc;4;30;9;570;/mnt/d/Codigos_Angelita_Artigo_01/Codigos_Angelita_C_Tudo/Artigo_01/03_Com_Release_Dificil/03_Instancias_Geradas/01_Estruturadas/dados_trab_4_30_struc_release_dificil_09;114;1,2,4,5,13,15,16,17,26;referencia + 0.200*Cmax em posicoes selecionadas
dados_trab_4_30_struc_10;struc;4;30;10;525;/mnt/d/Codigos_Angelita_Artigo_01/Codigos_Angelita_C_Tudo/Artigo_01/03_Com_Release_Dificil/03_Instancias_Geradas/01_Estruturadas/dados_trab_4_30_struc_release_dificil_10;105;0,2,3,8,10,17,23,24;referencia + 0.200*Cmax em posicoes selecionadas
dados_trab_4_40_nonstruc_01;nonstruc;4;40;1;605;/mnt/d/Codigos_Angelita_Artigo_01/Codigos_Angelita_C_Tudo/Artigo_01/03_Com_Release_Dificil/03_Instancias_Geradas/02_Nao_Estruturadas/dados_trab_4_40_nonstruc_release_dificil_01;121;0,2,6,16,17,20,21,25,26,32,34,36;referencia + 0.200*Cmax em posicoes selecionadas
dados_trab_4_40_nonstruc_02;nonstruc;4;40;2;618;/mnt/d/Codigos_Angelita_Artigo_01/Codigos_Angelita_C_Tudo/Artigo_01/03_Com_Release_Dificil/03_Instancias_Geradas/02_Nao_Estruturadas/dados_trab_4_40_nonstruc_release_dificil_02;124;1,2,3,8,15,18,22,23,24,29,30,36;referencia + 0.200*Cmax em posicoes selecionadas
dados_trab_4_40_nonstruc_03;nonstruc;4;40;3;597;/mnt/d/Codigos_Angelita_Artigo_01/Codigos_Angelita_C_Tudo/Artigo_01/03_Com_Release_Dificil/03_Instancias_Geradas/02_Nao_Estruturadas/dados_trab_4_40_nonstruc_release_dificil_03;120;0,3,5,11,19,23,26,32,34,37,39;referencia + 0.200*Cmax em posicoes selecionadas
dados_trab_4_40_nonstruc_04;nonstruc;4;40;4;590;/mnt/d/Codigos_Angelita_Artigo_01/Codigos_Angelita_C_Tudo/Artigo_01/03_Com_Release_Dificil/03_Instancias_Geradas/02_Nao_Estruturadas/dados_trab_4_40_nonstruc_release_dificil_04;118;0,3,6,12,13,15,19,24,25,29,32;referencia + 0.200*Cmax em posicoes selecionadas
dados_trab_4_40_nonstruc_05;nonstruc;4;40;5;652;/mnt/d/Codigos_Angelita_Artigo_01/Codigos_Angelita_C_Tudo/Artigo_01/03_Com_Release_Dificil/03_Instancias_Geradas/02_Nao_Estruturadas/dados_trab_4_40_nonstruc_release_dificil_05;131;6,7,11,14,18,19,23,24,25,35,36,39;referencia + 0.200*Cmax em posicoes selecionadas
dados_trab_4_40_nonstruc_06;nonstruc;4;40;6;665;/mnt/d/Codigos_Angelita_Artigo_01/Codigos_Angelita_C_Tudo/Artigo_01/03_Com_Release_Dificil/03_Instancias_Geradas/02_Nao_Estruturadas/dados_trab_4_40_nonstruc_release_dificil_06;133;1,3,4,11,12,16,18,20,34,36,37,38;referencia + 0.200*Cmax em posicoes selecionadas
dados_trab_4_40_nonstruc_07;nonstruc;4;40;7;632;/mnt/d/Codigos_Angelita_Artigo_01/Codigos_Angelita_C_Tudo/Artigo_01/03_Com_Release_Dificil/03_Instancias_Geradas/02_Nao_Estruturadas/dados_trab_4_40_nonstruc_release_dificil_07;127;2,3,8,14,18,23,25,27,30,31,35,38;referencia + 0.200*Cmax em posicoes selecionadas
dados_trab_4_40_nonstruc_08;nonstruc;4;40;8;604;/mnt/d/Codigos_Angelita_Artigo_01/Codigos_Angelita_C_Tudo/Artigo_01/03_Com_Release_Dificil/03_Instancias_Geradas/02_Nao_Estruturadas/dados_trab_4_40_nonstruc_release_dificil_08;121;3,4,5,8,9,12,17,27,31,35,38;referencia + 0.200*Cmax em posicoes selecionadas
dados_trab_4_40_nonstruc_09;nonstruc;4;40;9;618;/mnt/d/Codigos_Angelita_Artigo_01/Codigos_Angelita_C_Tudo/Artigo_01/03_Com_Release_Dificil/03_Instancias_Geradas/02_Nao_Estruturadas/dados_trab_4_40_nonstruc_release_dificil_09;124;1,4,10,13,15,24,29,31,32,34,35;referencia + 0.200*Cmax em posicoes selecionadas
dados_trab_4_40_nonstruc_10;nonstruc;4;40;10;587;/mnt/d/Codigos_Angelita_Artigo_01/Codigos_Angelita_C_Tudo/Artigo_01/03_Com_Release_Dificil/03_Instancias_Geradas/02_Nao_Estruturadas/dados_trab_4_40_nonstruc_release_dificil_10;118;0,2,5,11,15,23,25,26,29,34,39;referencia + 0.200*Cmax em posicoes selecionadas
dados_trab_4_40_struc_01;struc;4;40;1;648;/mnt/d/Codigos_Angelita_Artigo_01/Codigos_Angelita_C_Tudo/Artigo_01/03_Com_Release_Dificil/03_Instancias_Geradas/01_Estruturadas/dados_trab_4_40_struc_release_dificil_01;130;6,10,12,14,18,19,25,32,36,38,39;referencia + 0.200*Cmax em posicoes selecionadas
dados_trab_4_40_struc_02;struc;4;40;2;671;/mnt/d/Codigos_Angelita_Artigo_01/Codigos_Angelita_C_Tudo/Artigo_01/03_Com_Release_Dificil/03_Instancias_Geradas/01_Estruturadas/dados_trab_4_40_struc_release_dificil_02;135;4,5,11,14,16,19,20,21,27,34,39;referencia + 0.200*Cmax em posicoes selecionadas
dados_trab_4_40_struc_03;struc;4;40;3;665;/mnt/d/Codigos_Angelita_Artigo_01/Codigos_Angelita_C_Tudo/Artigo_01/03_Com_Release_Dificil/03_Instancias_Geradas/01_Estruturadas/dados_trab_4_40_struc_release_dificil_03;133;6,9,11,12,15,20,23,24,28,29,35,38;referencia + 0.200*Cmax em posicoes selecionadas
dados_trab_4_40_struc_04;struc;4;40;4;716;/mnt/d/Codigos_Angelita_Artigo_01/Codigos_Angelita_C_Tudo/Artigo_01/03_Com_Release_Dificil/03_Instancias_Geradas/01_Estruturadas/dados_trab_4_40_struc_release_dificil_04;144;2,3,4,7,12,15,16,19,24,27,30,37;referencia + 0.200*Cmax em posicoes selecionadas
dados_trab_4_40_struc_05;struc;4;40;5;699;/mnt/d/Codigos_Angelita_Artigo_01/Codigos_Angelita_C_Tudo/Artigo_01/03_Com_Release_Dificil/03_Instancias_Geradas/01_Estruturadas/dados_trab_4_40_struc_release_dificil_05;140;0,1,3,4,11,12,21,24,25,29,31,36;referencia + 0.200*Cmax em posicoes selecionadas
dados_trab_4_40_struc_06;struc;4;40;6;654;/mnt/d/Codigos_Angelita_Artigo_01/Codigos_Angelita_C_Tudo/Artigo_01/03_Com_Release_Dificil/03_Instancias_Geradas/01_Estruturadas/dados_trab_4_40_struc_release_dificil_06;131;2,4,9,18,20,21,23,24,26,34,35,38;referencia + 0.200*Cmax em posicoes selecionadas
dados_trab_4_40_struc_07;struc;4;40;7;712;/mnt/d/Codigos_Angelita_Artigo_01/Codigos_Angelita_C_Tudo/Artigo_01/03_Com_Release_Dificil/03_Instancias_Geradas/01_Estruturadas/dados_trab_4_40_struc_release_dificil_07;143;5,10,18,20,22,23,24,26,29,32,37,38;referencia + 0.200*Cmax em posicoes selecionadas
dados_trab_4_40_struc_08;struc;4;40;8;753;/mnt/d/Codigos_Angelita_Artigo_01/Codigos_Angelita_C_Tudo/Artigo_01/03_Com_Release_Dificil/03_Instancias_Geradas/01_Estruturadas/dados_trab_4_40_struc_release_dificil_08;151;0,11,14,20,23,25,27,29,31,32,34,36;referencia + 0.200*Cmax em posicoes selecionadas
dados_trab_4_40_struc_09;struc;4;40;9;757;/mnt/d/Codigos_Angelita_Artigo_01/Codigos_Angelita_C_Tudo/Artigo_01/03_Com_Release_Dificil/03_Instancias_Geradas/01_Estruturadas/dados_trab_4_40_struc_release_dificil_09;152;0,8,12,13,18,21,23,25,27,30,34;referencia + 0.200*Cmax em posicoes selecionadas
dados_trab_4_40_struc_10;struc;4;40;10;636;/mnt/d/Codigos_Angelita_Artigo_01/Codigos_Angelita_C_Tudo/Artigo_01/03_Com_Release_Dificil/03_Instancias_Geradas/01_Estruturadas/dados_trab_4_40_struc_release_dificil_10;128;4,7,8,10,11,14,16,21,26,29,30,32;referencia + 0.200*Cmax em posicoes selecionadas
dados_trab_4_50_nonstruc_01;nonstruc;4;50;1;834;/mnt/d/Codigos_Angelita_Artigo_01/Codigos_Angelita_C_Tudo/Artigo_01/03_Com_Release_Dificil/03_Instancias_Geradas/02_Nao_Estruturadas/dados_trab_4_50_nonstruc_release_dificil_01;167;5,7,8,11,14,16,17,20,25,29,30,31,33,35,45;referencia + 0.200*Cmax em posicoes selecionadas
dados_trab_4_50_nonstruc_02;nonstruc;4;50;2;785;/mnt/d/Codigos_Angelita_Artigo_01/Codigos_Angelita_C_Tudo/Artigo_01/03_Com_Release_Dificil/03_Instancias_Geradas/02_Nao_Estruturadas/dados_trab_4_50_nonstruc_release_dificil_02;157;1,5,8,9,10,16,17,19,23,29,41,42,47,49;referencia + 0.200*Cmax em posicoes selecionadas
dados_trab_4_50_nonstruc_03;nonstruc;4;50;3;745;/mnt/d/Codigos_Angelita_Artigo_01/Codigos_Angelita_C_Tudo/Artigo_01/03_Com_Release_Dificil/03_Instancias_Geradas/02_Nao_Estruturadas/dados_trab_4_50_nonstruc_release_dificil_03;149;2,7,8,11,12,17,22,23,26,27,31,33,35,48;referencia + 0.200*Cmax em posicoes selecionadas
dados_trab_4_50_nonstruc_04;nonstruc;4;50;4;676;/mnt/d/Codigos_Angelita_Artigo_01/Codigos_Angelita_C_Tudo/Artigo_01/03_Com_Release_Dificil/03_Instancias_Geradas/02_Nao_Estruturadas/dados_trab_4_50_nonstruc_release_dificil_04;136;7,9,13,14,15,17,18,21,27,30,36,41,42,46;referencia + 0.200*Cmax em posicoes selecionadas
dados_trab_4_50_nonstruc_05;nonstruc;4;50;5;843;/mnt/d/Codigos_Angelita_Artigo_01/Codigos_Angelita_C_Tudo/Artigo_01/03_Com_Release_Dificil/03_Instancias_Geradas/02_Nao_Estruturadas/dados_trab_4_50_nonstruc_release_dificil_05;169;2,5,11,15,24,28,31,34,36,37,41,43,46,48;referencia + 0.200*Cmax em posicoes selecionadas
dados_trab_4_50_nonstruc_06;nonstruc;4;50;6;813;/mnt/d/Codigos_Angelita_Artigo_01/Codigos_Angelita_C_Tudo/Artigo_01/03_Com_Release_Dificil/03_Instancias_Geradas/02_Nao_Estruturadas/dados_trab_4_50_nonstruc_release_dificil_06;163;0,3,5,13,14,15,22,24,25,30,32,43,47,49;referencia + 0.200*Cmax em posicoes selecionadas
dados_trab_4_50_nonstruc_07;nonstruc;4;50;7;847;/mnt/d/Codigos_Angelita_Artigo_01/Codigos_Angelita_C_Tudo/Artigo_01/03_Com_Release_Dificil/03_Instancias_Geradas/02_Nao_Estruturadas/dados_trab_4_50_nonstruc_release_dificil_07;170;1,6,7,9,17,18,30,31,32,38,42,45,47,48;referencia + 0.200*Cmax em posicoes selecionadas
dados_trab_4_50_nonstruc_08;nonstruc;4;50;8;663;/mnt/d/Codigos_Angelita_Artigo_01/Codigos_Angelita_C_Tudo/Artigo_01/03_Com_Release_Dificil/03_Instancias_Geradas/02_Nao_Estruturadas/dados_trab_4_50_nonstruc_release_dificil_08;133;5,11,12,22,24,28,33,39,40,41,43,44,49;referencia + 0.200*Cmax em posicoes selecionadas
dados_trab_4_50_nonstruc_09;nonstruc;4;50;9;767;/mnt/d/Codigos_Angelita_Artigo_01/Codigos_Angelita_C_Tudo/Artigo_01/03_Com_Release_Dificil/03_Instancias_Geradas/02_Nao_Estruturadas/dados_trab_4_50_nonstruc_release_dificil_09;154;0,6,9,16,19,21,22,24,27,28,34,35,41,48;referencia + 0.200*Cmax em posicoes selecionadas
dados_trab_4_50_nonstruc_10;nonstruc;4;50;10;699;/mnt/d/Codigos_Angelita_Artigo_01/Codigos_Angelita_C_Tudo/Artigo_01/03_Com_Release_Dificil/03_Instancias_Geradas/02_Nao_Estruturadas/dados_trab_4_50_nonstruc_release_dificil_10;140;2,7,9,13,18,19,21,26,30,33,37,41,43,44,45;referencia + 0.200*Cmax em posicoes selecionadas
dados_trab_4_50_struc_01;struc;4;50;1;814;/mnt/d/Codigos_Angelita_Artigo_01/Codigos_Angelita_C_Tudo/Artigo_01/03_Com_Release_Dificil/03_Instancias_Geradas/01_Estruturadas/dados_trab_4_50_struc_release_dificil_01;163;0,2,4,5,6,10,13,21,30,37,42,44,45,47;referencia + 0.200*Cmax em posicoes selecionadas
dados_trab_4_50_struc_02;struc;4;50;2;834;/mnt/d/Codigos_Angelita_Artigo_01/Codigos_Angelita_C_Tudo/Artigo_01/03_Com_Release_Dificil/03_Instancias_Geradas/01_Estruturadas/dados_trab_4_50_struc_release_dificil_02;167;9,12,16,17,18,21,26,27,28,35,37,38,41;referencia + 0.200*Cmax em posicoes selecionadas
dados_trab_4_50_struc_03;struc;4;50;3;795;/mnt/d/Codigos_Angelita_Artigo_01/Codigos_Angelita_C_Tudo/Artigo_01/03_Com_Release_Dificil/03_Instancias_Geradas/01_Estruturadas/dados_trab_4_50_struc_release_dificil_03;159;2,4,9,13,15,18,24,28,30,33,36,38,41,42;referencia + 0.200*Cmax em posicoes selecionadas
dados_trab_4_50_struc_04;struc;4;50;4;829;/mnt/d/Codigos_Angelita_Artigo_01/Codigos_Angelita_C_Tudo/Artigo_01/03_Com_Release_Dificil/03_Instancias_Geradas/01_Estruturadas/dados_trab_4_50_struc_release_dificil_04;166;2,6,7,11,13,19,27,35,37,38,41,43,46,47;referencia + 0.200*Cmax em posicoes selecionadas
dados_trab_4_50_struc_05;struc;4;50;5;787;/mnt/d/Codigos_Angelita_Artigo_01/Codigos_Angelita_C_Tudo/Artigo_01/03_Com_Release_Dificil/03_Instancias_Geradas/01_Estruturadas/dados_trab_4_50_struc_release_dificil_05;158;1,6,8,9,12,13,23,31,42,43,46,47,48,49;referencia + 0.200*Cmax em posicoes selecionadas
dados_trab_4_50_struc_06;struc;4;50;6;784;/mnt/d/Codigos_Angelita_Artigo_01/Codigos_Angelita_C_Tudo/Artigo_01/03_Com_Release_Dificil/03_Instancias_Geradas/01_Estruturadas/dados_trab_4_50_struc_release_dificil_06;157;0,5,11,14,17,20,23,25,33,36,39,46,49;referencia + 0.200*Cmax em posicoes selecionadas
dados_trab_4_50_struc_07;struc;4;50;7;781;/mnt/d/Codigos_Angelita_Artigo_01/Codigos_Angelita_C_Tudo/Artigo_01/03_Com_Release_Dificil/03_Instancias_Geradas/01_Estruturadas/dados_trab_4_50_struc_release_dificil_07;157;0,6,7,9,10,11,16,17,19,22,28,38,41,43,47;referencia + 0.200*Cmax em posicoes selecionadas
dados_trab_4_50_struc_08;struc;4;50;8;909;/mnt/d/Codigos_Angelita_Artigo_01/Codigos_Angelita_C_Tudo/Artigo_01/03_Com_Release_Dificil/03_Instancias_Geradas/01_Estruturadas/dados_trab_4_50_struc_release_dificil_08;182;0,1,5,6,7,17,18,19,25,31,32,35,41,48;referencia + 0.200*Cmax em posicoes selecionadas
dados_trab_4_50_struc_09;struc;4;50;9;918;/mnt/d/Codigos_Angelita_Artigo_01/Codigos_Angelita_C_Tudo/Artigo_01/03_Com_Release_Dificil/03_Instancias_Geradas/01_Estruturadas/dados_trab_4_50_struc_release_dificil_09;184;1,4,5,6,16,17,18,22,24,27,28,29,34,37,45;referencia + 0.200*Cmax em posicoes selecionadas
dados_trab_4_50_struc_10;struc;4;50;10;837;/mnt/d/Codigos_Angelita_Artigo_01/Codigos_Angelita_C_Tudo/Artigo_01/03_Com_Release_Dificil/03_Instancias_Geradas/01_Estruturadas/dados_trab_4_50_struc_release_dificil_10;168;0,5,10,18,26,27,33,36,37,38,39,44,45,47;referencia + 0.200*Cmax em posicoes selecionadas
dados_trab_5_20_nonstruc_01;nonstruc;5;20;1;278;/mnt/d/Codigos_Angelita_Artigo_01/Codigos_Angelita_C_Tudo/Artigo_01/03_Com_Release_Dificil/03_Instancias_Geradas/02_Nao_Estruturadas/dados_trab_5_20_nonstruc_release_dificil_01;56;3,7,10,13,15,18;referencia + 0.200*Cmax em posicoes selecionadas
dados_trab_5_20_nonstruc_02;nonstruc;5;20;2;295;/mnt/d/Codigos_Angelita_Artigo_01/Codigos_Angelita_C_Tudo/Artigo_01/03_Com_Release_Dificil/03_Instancias_Geradas/02_Nao_Estruturadas/dados_trab_5_20_nonstruc_release_dificil_02;59;2,3,7,11,16,18;referencia + 0.200*Cmax em posicoes selecionadas
dados_trab_5_20_nonstruc_03;nonstruc;5;20;3;292;/mnt/d/Codigos_Angelita_Artigo_01/Codigos_Angelita_C_Tudo/Artigo_01/03_Com_Release_Dificil/03_Instancias_Geradas/02_Nao_Estruturadas/dados_trab_5_20_nonstruc_release_dificil_03;59;0,5,6,7,11,17,18;referencia + 0.200*Cmax em posicoes selecionadas
dados_trab_5_20_nonstruc_04;nonstruc;5;20;4;236;/mnt/d/Codigos_Angelita_Artigo_01/Codigos_Angelita_C_Tudo/Artigo_01/03_Com_Release_Dificil/03_Instancias_Geradas/02_Nao_Estruturadas/dados_trab_5_20_nonstruc_release_dificil_04;48;1,11,12,13,14,15,16;referencia + 0.200*Cmax em posicoes selecionadas
dados_trab_5_20_nonstruc_05;nonstruc;5;20;5;278;/mnt/d/Codigos_Angelita_Artigo_01/Codigos_Angelita_C_Tudo/Artigo_01/03_Com_Release_Dificil/03_Instancias_Geradas/02_Nao_Estruturadas/dados_trab_5_20_nonstruc_release_dificil_05;56;1,5,6,7,11,12,14;referencia + 0.200*Cmax em posicoes selecionadas
dados_trab_5_20_nonstruc_06;nonstruc;5;20;6;320;/mnt/d/Codigos_Angelita_Artigo_01/Codigos_Angelita_C_Tudo/Artigo_01/03_Com_Release_Dificil/03_Instancias_Geradas/02_Nao_Estruturadas/dados_trab_5_20_nonstruc_release_dificil_06;64;3,6,7,8,13,17;referencia + 0.200*Cmax em posicoes selecionadas
dados_trab_5_20_nonstruc_07;nonstruc;5;20;7;244;/mnt/d/Codigos_Angelita_Artigo_01/Codigos_Angelita_C_Tudo/Artigo_01/03_Com_Release_Dificil/03_Instancias_Geradas/02_Nao_Estruturadas/dados_trab_5_20_nonstruc_release_dificil_07;49;1,2,6,10,15,16,18;referencia + 0.200*Cmax em posicoes selecionadas
dados_trab_5_20_nonstruc_08;nonstruc;5;20;8;295;/mnt/d/Codigos_Angelita_Artigo_01/Codigos_Angelita_C_Tudo/Artigo_01/03_Com_Release_Dificil/03_Instancias_Geradas/02_Nao_Estruturadas/dados_trab_5_20_nonstruc_release_dificil_08;59;5,7,9,10,11,12,14;referencia + 0.200*Cmax em posicoes selecionadas
dados_trab_5_20_nonstruc_09;nonstruc;5;20;9;269;/mnt/d/Codigos_Angelita_Artigo_01/Codigos_Angelita_C_Tudo/Artigo_01/03_Com_Release_Dificil/03_Instancias_Geradas/02_Nao_Estruturadas/dados_trab_5_20_nonstruc_release_dificil_09;54;3,4,10,11,13,16,19;referencia + 0.200*Cmax em posicoes selecionadas
dados_trab_5_20_nonstruc_10;nonstruc;5;20;10;297;/mnt/d/Codigos_Angelita_Artigo_01/Codigos_Angelita_C_Tudo/Artigo_01/03_Com_Release_Dificil/03_Instancias_Geradas/02_Nao_Estruturadas/dados_trab_5_20_nonstruc_release_dificil_10;60;0,1,5,6,7,11;referencia + 0.200*Cmax em posicoes selecionadas
dados_trab_5_20_struc_01;struc;5;20;1;349;/mnt/d/Codigos_Angelita_Artigo_01/Codigos_Angelita_C_Tudo/Artigo_01/03_Com_Release_Dificil/03_Instancias_Geradas/01_Estruturadas/dados_trab_5_20_struc_release_dificil_01;70;1,6,8,9,11,18,19;referencia + 0.200*Cmax em posicoes selecionadas
dados_trab_5_20_struc_02;struc;5;20;2;317;/mnt/d/Codigos_Angelita_Artigo_01/Codigos_Angelita_C_Tudo/Artigo_01/03_Com_Release_Dificil/03_Instancias_Geradas/01_Estruturadas/dados_trab_5_20_struc_release_dificil_02;64;3,6,7,8,13,15,19;referencia + 0.200*Cmax em posicoes selecionadas
dados_trab_5_20_struc_03;struc;5;20;3;340;/mnt/d/Codigos_Angelita_Artigo_01/Codigos_Angelita_C_Tudo/Artigo_01/03_Com_Release_Dificil/03_Instancias_Geradas/01_Estruturadas/dados_trab_5_20_struc_release_dificil_03;68;0,8,9,15,18,19;referencia + 0.200*Cmax em posicoes selecionadas
dados_trab_5_20_struc_04;struc;5;20;4;330;/mnt/d/Codigos_Angelita_Artigo_01/Codigos_Angelita_C_Tudo/Artigo_01/03_Com_Release_Dificil/03_Instancias_Geradas/01_Estruturadas/dados_trab_5_20_struc_release_dificil_04;66;2,8,15,16,17,19;referencia + 0.200*Cmax em posicoes selecionadas
dados_trab_5_20_struc_05;struc;5;20;5;321;/mnt/d/Codigos_Angelita_Artigo_01/Codigos_Angelita_C_Tudo/Artigo_01/03_Com_Release_Dificil/03_Instancias_Geradas/01_Estruturadas/dados_trab_5_20_struc_release_dificil_05;65;1,6,8,9,10,13;referencia + 0.200*Cmax em posicoes selecionadas
dados_trab_5_20_struc_06;struc;5;20;6;327;/mnt/d/Codigos_Angelita_Artigo_01/Codigos_Angelita_C_Tudo/Artigo_01/03_Com_Release_Dificil/03_Instancias_Geradas/01_Estruturadas/dados_trab_5_20_struc_release_dificil_06;66;1,5,6,9,15,16,17;referencia + 0.200*Cmax em posicoes selecionadas
dados_trab_5_20_struc_07;struc;5;20;7;391;/mnt/d/Codigos_Angelita_Artigo_01/Codigos_Angelita_C_Tudo/Artigo_01/03_Com_Release_Dificil/03_Instancias_Geradas/01_Estruturadas/dados_trab_5_20_struc_release_dificil_07;79;0,5,6,7,11,14;referencia + 0.200*Cmax em posicoes selecionadas
dados_trab_5_20_struc_08;struc;5;20;8;308;/mnt/d/Codigos_Angelita_Artigo_01/Codigos_Angelita_C_Tudo/Artigo_01/03_Com_Release_Dificil/03_Instancias_Geradas/01_Estruturadas/dados_trab_5_20_struc_release_dificil_08;62;0,1,4,7,10,15;referencia + 0.200*Cmax em posicoes selecionadas
dados_trab_5_20_struc_09;struc;5;20;9;350;/mnt/d/Codigos_Angelita_Artigo_01/Codigos_Angelita_C_Tudo/Artigo_01/03_Com_Release_Dificil/03_Instancias_Geradas/01_Estruturadas/dados_trab_5_20_struc_release_dificil_09;70;0,3,6,8,9,17;referencia + 0.200*Cmax em posicoes selecionadas
dados_trab_5_20_struc_10;struc;5;20;10;367;/mnt/d/Codigos_Angelita_Artigo_01/Codigos_Angelita_C_Tudo/Artigo_01/03_Com_Release_Dificil/03_Instancias_Geradas/01_Estruturadas/dados_trab_5_20_struc_release_dificil_10;74;0,2,6,8,9,10,16;referencia + 0.200*Cmax em posicoes selecionadas
dados_trab_5_30_nonstruc_01;nonstruc;5;30;1;302;/mnt/d/Codigos_Angelita_Artigo_01/Codigos_Angelita_C_Tudo/Artigo_01/03_Com_Release_Dificil/03_Instancias_Geradas/02_Nao_Estruturadas/dados_trab_5_30_nonstruc_release_dificil_01;61;0,8,9,10,13,15,19,20,22,24;referencia + 0.200*Cmax em posicoes selecionadas
dados_trab_5_30_nonstruc_02;nonstruc;5;30;2;406;/mnt/d/Codigos_Angelita_Artigo_01/Codigos_Angelita_C_Tudo/Artigo_01/03_Com_Release_Dificil/03_Instancias_Geradas/02_Nao_Estruturadas/dados_trab_5_30_nonstruc_release_dificil_02;82;0,11,12,14,16,17,19,22,29;referencia + 0.200*Cmax em posicoes selecionadas
dados_trab_5_30_nonstruc_03;nonstruc;5;30;3;437;/mnt/d/Codigos_Angelita_Artigo_01/Codigos_Angelita_C_Tudo/Artigo_01/03_Com_Release_Dificil/03_Instancias_Geradas/02_Nao_Estruturadas/dados_trab_5_30_nonstruc_release_dificil_03;88;0,2,15,17,18,19,21,25,26,27;referencia + 0.200*Cmax em posicoes selecionadas
dados_trab_5_30_nonstruc_04;nonstruc;5;30;4;418;/mnt/d/Codigos_Angelita_Artigo_01/Codigos_Angelita_C_Tudo/Artigo_01/03_Com_Release_Dificil/03_Instancias_Geradas/02_Nao_Estruturadas/dados_trab_5_30_nonstruc_release_dificil_04;84;1,3,5,7,13,14,16,21,23,26;referencia + 0.200*Cmax em posicoes selecionadas
dados_trab_5_30_nonstruc_05;nonstruc;5;30;5;367;/mnt/d/Codigos_Angelita_Artigo_01/Codigos_Angelita_C_Tudo/Artigo_01/03_Com_Release_Dificil/03_Instancias_Geradas/02_Nao_Estruturadas/dados_trab_5_30_nonstruc_release_dificil_05;74;2,3,5,9,10,16,19,22,26,27;referencia + 0.200*Cmax em posicoes selecionadas
dados_trab_5_30_nonstruc_06;nonstruc;5;30;6;409;/mnt/d/Codigos_Angelita_Artigo_01/Codigos_Angelita_C_Tudo/Artigo_01/03_Com_Release_Dificil/03_Instancias_Geradas/02_Nao_Estruturadas/dados_trab_5_30_nonstruc_release_dificil_06;82;0,2,3,4,6,8,15,19,21,25;referencia + 0.200*Cmax em posicoes selecionadas
dados_trab_5_30_nonstruc_07;nonstruc;5;30;7;431;/mnt/d/Codigos_Angelita_Artigo_01/Codigos_Angelita_C_Tudo/Artigo_01/03_Com_Release_Dificil/03_Instancias_Geradas/02_Nao_Estruturadas/dados_trab_5_30_nonstruc_release_dificil_07;87;3,5,8,11,12,16,23,25,29;referencia + 0.200*Cmax em posicoes selecionadas
dados_trab_5_30_nonstruc_08;nonstruc;5;30;8;429;/mnt/d/Codigos_Angelita_Artigo_01/Codigos_Angelita_C_Tudo/Artigo_01/03_Com_Release_Dificil/03_Instancias_Geradas/02_Nao_Estruturadas/dados_trab_5_30_nonstruc_release_dificil_08;86;6,8,11,12,20,22,23,24,28;referencia + 0.200*Cmax em posicoes selecionadas
dados_trab_5_30_nonstruc_09;nonstruc;5;30;9;386;/mnt/d/Codigos_Angelita_Artigo_01/Codigos_Angelita_C_Tudo/Artigo_01/03_Com_Release_Dificil/03_Instancias_Geradas/02_Nao_Estruturadas/dados_trab_5_30_nonstruc_release_dificil_09;78;8,13,16,17,20,23,24,25,28;referencia + 0.200*Cmax em posicoes selecionadas
dados_trab_5_30_nonstruc_10;nonstruc;5;30;10;375;/mnt/d/Codigos_Angelita_Artigo_01/Codigos_Angelita_C_Tudo/Artigo_01/03_Com_Release_Dificil/03_Instancias_Geradas/02_Nao_Estruturadas/dados_trab_5_30_nonstruc_release_dificil_10;75;3,5,6,8,12,16,19,20,26,27,29;referencia + 0.200*Cmax em posicoes selecionadas
dados_trab_5_30_struc_01;struc;5;30;1;447;/mnt/d/Codigos_Angelita_Artigo_01/Codigos_Angelita_C_Tudo/Artigo_01/03_Com_Release_Dificil/03_Instancias_Geradas/01_Estruturadas/dados_trab_5_30_struc_release_dificil_01;90;8,9,10,12,13,15,22,25,26;referencia + 0.200*Cmax em posicoes selecionadas
dados_trab_5_30_struc_02;struc;5;30;2;489;/mnt/d/Codigos_Angelita_Artigo_01/Codigos_Angelita_C_Tudo/Artigo_01/03_Com_Release_Dificil/03_Instancias_Geradas/01_Estruturadas/dados_trab_5_30_struc_release_dificil_02;98;0,3,4,6,8,10,14,23,25,27;referencia + 0.200*Cmax em posicoes selecionadas
dados_trab_5_30_struc_03;struc;5;30;3;409;/mnt/d/Codigos_Angelita_Artigo_01/Codigos_Angelita_C_Tudo/Artigo_01/03_Com_Release_Dificil/03_Instancias_Geradas/01_Estruturadas/dados_trab_5_30_struc_release_dificil_03;82;1,8,9,16,18,19,21,22,23,27;referencia + 0.200*Cmax em posicoes selecionadas
dados_trab_5_30_struc_04;struc;5;30;4;425;/mnt/d/Codigos_Angelita_Artigo_01/Codigos_Angelita_C_Tudo/Artigo_01/03_Com_Release_Dificil/03_Instancias_Geradas/01_Estruturadas/dados_trab_5_30_struc_release_dificil_04;85;0,3,4,6,11,15,17,21;referencia + 0.200*Cmax em posicoes selecionadas
dados_trab_5_30_struc_05;struc;5;30;5;482;/mnt/d/Codigos_Angelita_Artigo_01/Codigos_Angelita_C_Tudo/Artigo_01/03_Com_Release_Dificil/03_Instancias_Geradas/01_Estruturadas/dados_trab_5_30_struc_release_dificil_05;97;1,2,5,10,11,15,23,25,28;referencia + 0.200*Cmax em posicoes selecionadas
dados_trab_5_30_struc_06;struc;5;30;6;450;/mnt/d/Codigos_Angelita_Artigo_01/Codigos_Angelita_C_Tudo/Artigo_01/03_Com_Release_Dificil/03_Instancias_Geradas/01_Estruturadas/dados_trab_5_30_struc_release_dificil_06;90;3,4,7,10,11,14,15,16,21,28;referencia + 0.200*Cmax em posicoes selecionadas
dados_trab_5_30_struc_07;struc;5;30;7;375;/mnt/d/Codigos_Angelita_Artigo_01/Codigos_Angelita_C_Tudo/Artigo_01/03_Com_Release_Dificil/03_Instancias_Geradas/01_Estruturadas/dados_trab_5_30_struc_release_dificil_07;75;2,6,7,18,19,20,23,25,27,28;referencia + 0.200*Cmax em posicoes selecionadas
dados_trab_5_30_struc_08;struc;5;30;8;437;/mnt/d/Codigos_Angelita_Artigo_01/Codigos_Angelita_C_Tudo/Artigo_01/03_Com_Release_Dificil/03_Instancias_Geradas/01_Estruturadas/dados_trab_5_30_struc_release_dificil_08;88;2,5,10,12,13,18,20,21,23,24;referencia + 0.200*Cmax em posicoes selecionadas
dados_trab_5_30_struc_09;struc;5;30;9;401;/mnt/d/Codigos_Angelita_Artigo_01/Codigos_Angelita_C_Tudo/Artigo_01/03_Com_Release_Dificil/03_Instancias_Geradas/01_Estruturadas/dados_trab_5_30_struc_release_dificil_09;81;1,2,6,8,16,17,20,22,25;referencia + 0.200*Cmax em posicoes selecionadas
dados_trab_5_30_struc_10;struc;5;30;10;469;/mnt/d/Codigos_Angelita_Artigo_01/Codigos_Angelita_C_Tudo/Artigo_01/03_Com_Release_Dificil/03_Instancias_Geradas/01_Estruturadas/dados_trab_5_30_struc_release_dificil_10;94;8,10,11,16,21,23,24,25,29;referencia + 0.200*Cmax em posicoes selecionadas
dados_trab_5_40_nonstruc_01;nonstruc;5;40;1;484;/mnt/d/Codigos_Angelita_Artigo_01/Codigos_Angelita_C_Tudo/Artigo_01/03_Com_Release_Dificil/03_Instancias_Geradas/02_Nao_Estruturadas/dados_trab_5_40_nonstruc_release_dificil_01;97;1,4,7,15,19,23,24,28,31,37,38;referencia + 0.200*Cmax em posicoes selecionadas
dados_trab_5_40_nonstruc_02;nonstruc;5;40;2;461;/mnt/d/Codigos_Angelita_Artigo_01/Codigos_Angelita_C_Tudo/Artigo_01/03_Com_Release_Dificil/03_Instancias_Geradas/02_Nao_Estruturadas/dados_trab_5_40_nonstruc_release_dificil_02;93;0,7,8,13,15,17,19,26,28,33,34,35;referencia + 0.200*Cmax em posicoes selecionadas
dados_trab_5_40_nonstruc_03;nonstruc;5;40;3;488;/mnt/d/Codigos_Angelita_Artigo_01/Codigos_Angelita_C_Tudo/Artigo_01/03_Com_Release_Dificil/03_Instancias_Geradas/02_Nao_Estruturadas/dados_trab_5_40_nonstruc_release_dificil_03;98;6,7,9,10,13,17,21,24,29,31,38;referencia + 0.200*Cmax em posicoes selecionadas
dados_trab_5_40_nonstruc_04;nonstruc;5;40;4;500;/mnt/d/Codigos_Angelita_Artigo_01/Codigos_Angelita_C_Tudo/Artigo_01/03_Com_Release_Dificil/03_Instancias_Geradas/02_Nao_Estruturadas/dados_trab_5_40_nonstruc_release_dificil_04;100;0,1,2,12,13,14,17,18,19,30,33,37;referencia + 0.200*Cmax em posicoes selecionadas
dados_trab_5_40_nonstruc_05;nonstruc;5;40;5;477;/mnt/d/Codigos_Angelita_Artigo_01/Codigos_Angelita_C_Tudo/Artigo_01/03_Com_Release_Dificil/03_Instancias_Geradas/02_Nao_Estruturadas/dados_trab_5_40_nonstruc_release_dificil_05;96;3,5,7,11,15,18,21,31,34,37,39;referencia + 0.200*Cmax em posicoes selecionadas
dados_trab_5_40_nonstruc_06;nonstruc;5;40;6;500;/mnt/d/Codigos_Angelita_Artigo_01/Codigos_Angelita_C_Tudo/Artigo_01/03_Com_Release_Dificil/03_Instancias_Geradas/02_Nao_Estruturadas/dados_trab_5_40_nonstruc_release_dificil_06;100;0,6,10,12,14,18,21,22,23,26,32,37;referencia + 0.200*Cmax em posicoes selecionadas
dados_trab_5_40_nonstruc_07;nonstruc;5;40;7;480;/mnt/d/Codigos_Angelita_Artigo_01/Codigos_Angelita_C_Tudo/Artigo_01/03_Com_Release_Dificil/03_Instancias_Geradas/02_Nao_Estruturadas/dados_trab_5_40_nonstruc_release_dificil_07;96;0,1,4,6,9,15,23,28,29,30,32,33;referencia + 0.200*Cmax em posicoes selecionadas
dados_trab_5_40_nonstruc_08;nonstruc;5;40;8;530;/mnt/d/Codigos_Angelita_Artigo_01/Codigos_Angelita_C_Tudo/Artigo_01/03_Com_Release_Dificil/03_Instancias_Geradas/02_Nao_Estruturadas/dados_trab_5_40_nonstruc_release_dificil_08;106;3,5,9,17,22,28,30,33,34,36,38,39;referencia + 0.200*Cmax em posicoes selecionadas
dados_trab_5_40_nonstruc_09;nonstruc;5;40;9;584;/mnt/d/Codigos_Angelita_Artigo_01/Codigos_Angelita_C_Tudo/Artigo_01/03_Com_Release_Dificil/03_Instancias_Geradas/02_Nao_Estruturadas/dados_trab_5_40_nonstruc_release_dificil_09;117;4,6,8,14,19,20,24,28,31,33,36;referencia + 0.200*Cmax em posicoes selecionadas
dados_trab_5_40_nonstruc_10;nonstruc;5;40;10;441;/mnt/d/Codigos_Angelita_Artigo_01/Codigos_Angelita_C_Tudo/Artigo_01/03_Com_Release_Dificil/03_Instancias_Geradas/02_Nao_Estruturadas/dados_trab_5_40_nonstruc_release_dificil_10;89;1,2,9,19,21,25,30,32,34,35,37;referencia + 0.200*Cmax em posicoes selecionadas
dados_trab_5_40_struc_01;struc;5;40;1;527;/mnt/d/Codigos_Angelita_Artigo_01/Codigos_Angelita_C_Tudo/Artigo_01/03_Com_Release_Dificil/03_Instancias_Geradas/01_Estruturadas/dados_trab_5_40_struc_release_dificil_01;106;2,7,10,14,15,19,20,24,27,28,29,32;referencia + 0.200*Cmax em posicoes selecionadas
dados_trab_5_40_struc_02;struc;5;40;2;588;/mnt/d/Codigos_Angelita_Artigo_01/Codigos_Angelita_C_Tudo/Artigo_01/03_Com_Release_Dificil/03_Instancias_Geradas/01_Estruturadas/dados_trab_5_40_struc_release_dificil_02;118;6,8,11,13,14,16,17,19,20,22,23,29;referencia + 0.200*Cmax em posicoes selecionadas
dados_trab_5_40_struc_03;struc;5;40;3;581;/mnt/d/Codigos_Angelita_Artigo_01/Codigos_Angelita_C_Tudo/Artigo_01/03_Com_Release_Dificil/03_Instancias_Geradas/01_Estruturadas/dados_trab_5_40_struc_release_dificil_03;117;0,2,10,12,16,18,21,23,24,29,31,33;referencia + 0.200*Cmax em posicoes selecionadas
dados_trab_5_40_struc_04;struc;5;40;4;543;/mnt/d/Codigos_Angelita_Artigo_01/Codigos_Angelita_C_Tudo/Artigo_01/03_Com_Release_Dificil/03_Instancias_Geradas/01_Estruturadas/dados_trab_5_40_struc_release_dificil_04;109;1,2,10,13,14,16,22,28,33,34,36;referencia + 0.200*Cmax em posicoes selecionadas
dados_trab_5_40_struc_05;struc;5;40;5;649;/mnt/d/Codigos_Angelita_Artigo_01/Codigos_Angelita_C_Tudo/Artigo_01/03_Com_Release_Dificil/03_Instancias_Geradas/01_Estruturadas/dados_trab_5_40_struc_release_dificil_05;130;1,5,8,10,11,13,14,19,20,25,29,30,31;referencia + 0.200*Cmax em posicoes selecionadas
dados_trab_5_40_struc_06;struc;5;40;6;569;/mnt/d/Codigos_Angelita_Artigo_01/Codigos_Angelita_C_Tudo/Artigo_01/03_Com_Release_Dificil/03_Instancias_Geradas/01_Estruturadas/dados_trab_5_40_struc_release_dificil_06;114;2,3,4,9,12,17,18,20,21,31,35;referencia + 0.200*Cmax em posicoes selecionadas
dados_trab_5_40_struc_07;struc;5;40;7;559;/mnt/d/Codigos_Angelita_Artigo_01/Codigos_Angelita_C_Tudo/Artigo_01/03_Com_Release_Dificil/03_Instancias_Geradas/01_Estruturadas/dados_trab_5_40_struc_release_dificil_07;112;2,4,8,18,20,24,27,30,35,36,37;referencia + 0.200*Cmax em posicoes selecionadas
dados_trab_5_40_struc_08;struc;5;40;8;563;/mnt/d/Codigos_Angelita_Artigo_01/Codigos_Angelita_C_Tudo/Artigo_01/03_Com_Release_Dificil/03_Instancias_Geradas/01_Estruturadas/dados_trab_5_40_struc_release_dificil_08;113;3,7,10,13,17,20,28,30,33,34,39;referencia + 0.200*Cmax em posicoes selecionadas
dados_trab_5_40_struc_09;struc;5;40;9;605;/mnt/d/Codigos_Angelita_Artigo_01/Codigos_Angelita_C_Tudo/Artigo_01/03_Com_Release_Dificil/03_Instancias_Geradas/01_Estruturadas/dados_trab_5_40_struc_release_dificil_09;121;2,4,7,18,19,21,25,30,31,35,39;referencia + 0.200*Cmax em posicoes selecionadas
dados_trab_5_40_struc_10;struc;5;40;10;592;/mnt/d/Codigos_Angelita_Artigo_01/Codigos_Angelita_C_Tudo/Artigo_01/03_Com_Release_Dificil/03_Instancias_Geradas/01_Estruturadas/dados_trab_5_40_struc_release_dificil_10;119;3,5,6,8,17,19,20,24,26,27,31,39;referencia + 0.200*Cmax em posicoes selecionadas
dados_trab_5_50_nonstruc_01;nonstruc;5;50;1;606;/mnt/d/Codigos_Angelita_Artigo_01/Codigos_Angelita_C_Tudo/Artigo_01/03_Com_Release_Dificil/03_Instancias_Geradas/02_Nao_Estruturadas/dados_trab_5_50_nonstruc_release_dificil_01;122;5,6,9,10,15,20,22,29,32,35,38,42,43,45;referencia + 0.200*Cmax em posicoes selecionadas
dados_trab_5_50_nonstruc_02;nonstruc;5;50;2;576;/mnt/d/Codigos_Angelita_Artigo_01/Codigos_Angelita_C_Tudo/Artigo_01/03_Com_Release_Dificil/03_Instancias_Geradas/02_Nao_Estruturadas/dados_trab_5_50_nonstruc_release_dificil_02;116;0,9,10,14,19,20,22,29,30,34,37,43,47,48;referencia + 0.200*Cmax em posicoes selecionadas
dados_trab_5_50_nonstruc_03;nonstruc;5;50;3;582;/mnt/d/Codigos_Angelita_Artigo_01/Codigos_Angelita_C_Tudo/Artigo_01/03_Com_Release_Dificil/03_Instancias_Geradas/02_Nao_Estruturadas/dados_trab_5_50_nonstruc_release_dificil_03;117;0,7,10,13,18,19,30,33,36,37,39,40,43,46;referencia + 0.200*Cmax em posicoes selecionadas
dados_trab_5_50_nonstruc_04;nonstruc;5;50;4;634;/mnt/d/Codigos_Angelita_Artigo_01/Codigos_Angelita_C_Tudo/Artigo_01/03_Com_Release_Dificil/03_Instancias_Geradas/02_Nao_Estruturadas/dados_trab_5_50_nonstruc_release_dificil_04;127;6,9,12,14,17,19,25,28,35,38,39,43,47,48,49;referencia + 0.200*Cmax em posicoes selecionadas
dados_trab_5_50_nonstruc_05;nonstruc;5;50;5;527;/mnt/d/Codigos_Angelita_Artigo_01/Codigos_Angelita_C_Tudo/Artigo_01/03_Com_Release_Dificil/03_Instancias_Geradas/02_Nao_Estruturadas/dados_trab_5_50_nonstruc_release_dificil_05;106;2,5,9,10,14,16,17,21,24,28,29,40,41,44,46;referencia + 0.200*Cmax em posicoes selecionadas
dados_trab_5_50_nonstruc_06;nonstruc;5;50;6;644;/mnt/d/Codigos_Angelita_Artigo_01/Codigos_Angelita_C_Tudo/Artigo_01/03_Com_Release_Dificil/03_Instancias_Geradas/02_Nao_Estruturadas/dados_trab_5_50_nonstruc_release_dificil_06;129;0,1,2,6,8,12,13,19,23,25,26,27,34,41,47,48;referencia + 0.200*Cmax em posicoes selecionadas
dados_trab_5_50_nonstruc_07;nonstruc;5;50;7;578;/mnt/d/Codigos_Angelita_Artigo_01/Codigos_Angelita_C_Tudo/Artigo_01/03_Com_Release_Dificil/03_Instancias_Geradas/02_Nao_Estruturadas/dados_trab_5_50_nonstruc_release_dificil_07;116;3,12,16,22,23,29,31,32,35,43,44,45,46,48;referencia + 0.200*Cmax em posicoes selecionadas
dados_trab_5_50_nonstruc_08;nonstruc;5;50;8;605;/mnt/d/Codigos_Angelita_Artigo_01/Codigos_Angelita_C_Tudo/Artigo_01/03_Com_Release_Dificil/03_Instancias_Geradas/02_Nao_Estruturadas/dados_trab_5_50_nonstruc_release_dificil_08;121;1,4,6,7,10,12,26,30,34,36,42,45,47,48,49;referencia + 0.200*Cmax em posicoes selecionadas
dados_trab_5_50_nonstruc_09;nonstruc;5;50;9;611;/mnt/d/Codigos_Angelita_Artigo_01/Codigos_Angelita_C_Tudo/Artigo_01/03_Com_Release_Dificil/03_Instancias_Geradas/02_Nao_Estruturadas/dados_trab_5_50_nonstruc_release_dificil_09;123;3,5,6,7,12,15,16,26,27,36,40,41,43,44,49;referencia + 0.200*Cmax em posicoes selecionadas
dados_trab_5_50_nonstruc_10;nonstruc;5;50;10;531;/mnt/d/Codigos_Angelita_Artigo_01/Codigos_Angelita_C_Tudo/Artigo_01/03_Com_Release_Dificil/03_Instancias_Geradas/02_Nao_Estruturadas/dados_trab_5_50_nonstruc_release_dificil_10;107;1,2,5,9,24,26,31,33,34,37,38,40,45,46;referencia + 0.200*Cmax em posicoes selecionadas
dados_trab_5_50_struc_01;struc;5;50;1;706;/mnt/d/Codigos_Angelita_Artigo_01/Codigos_Angelita_C_Tudo/Artigo_01/03_Com_Release_Dificil/03_Instancias_Geradas/01_Estruturadas/dados_trab_5_50_struc_release_dificil_01;142;6,8,16,18,19,22,23,27,36,37,41,43,44,45;referencia + 0.200*Cmax em posicoes selecionadas
dados_trab_5_50_struc_02;struc;5;50;2;656;/mnt/d/Codigos_Angelita_Artigo_01/Codigos_Angelita_C_Tudo/Artigo_01/03_Com_Release_Dificil/03_Instancias_Geradas/01_Estruturadas/dados_trab_5_50_struc_release_dificil_02;132;4,6,14,18,21,24,26,29,35,36,37,40,41,44,49;referencia + 0.200*Cmax em posicoes selecionadas
dados_trab_5_50_struc_03;struc;5;50;3;704;/mnt/d/Codigos_Angelita_Artigo_01/Codigos_Angelita_C_Tudo/Artigo_01/03_Com_Release_Dificil/03_Instancias_Geradas/01_Estruturadas/dados_trab_5_50_struc_release_dificil_03;141;0,1,2,7,9,19,21,31,32,35,38,42,44,48;referencia + 0.200*Cmax em posicoes selecionadas
dados_trab_5_50_struc_04;struc;5;50;4;696;/mnt/d/Codigos_Angelita_Artigo_01/Codigos_Angelita_C_Tudo/Artigo_01/03_Com_Release_Dificil/03_Instancias_Geradas/01_Estruturadas/dados_trab_5_50_struc_release_dificil_04;140;1,6,12,13,14,15,16,17,18,23,27,28,29,32;referencia + 0.200*Cmax em posicoes selecionadas
dados_trab_5_50_struc_05;struc;5;50;5;725;/mnt/d/Codigos_Angelita_Artigo_01/Codigos_Angelita_C_Tudo/Artigo_01/03_Com_Release_Dificil/03_Instancias_Geradas/01_Estruturadas/dados_trab_5_50_struc_release_dificil_05;145;0,1,2,3,5,12,17,19,29,32,40,45,47;referencia + 0.200*Cmax em posicoes selecionadas
dados_trab_5_50_struc_06;struc;5;50;6;700;/mnt/d/Codigos_Angelita_Artigo_01/Codigos_Angelita_C_Tudo/Artigo_01/03_Com_Release_Dificil/03_Instancias_Geradas/01_Estruturadas/dados_trab_5_50_struc_release_dificil_06;140;2,9,16,17,18,23,25,26,28,32,33,40,43,47,48;referencia + 0.200*Cmax em posicoes selecionadas
dados_trab_5_50_struc_07;struc;5;50;7;634;/mnt/d/Codigos_Angelita_Artigo_01/Codigos_Angelita_C_Tudo/Artigo_01/03_Com_Release_Dificil/03_Instancias_Geradas/01_Estruturadas/dados_trab_5_50_struc_release_dificil_07;127;3,5,9,12,13,17,22,26,29,32,36,37,42,43,46;referencia + 0.200*Cmax em posicoes selecionadas
dados_trab_5_50_struc_08;struc;5;50;8;684;/mnt/d/Codigos_Angelita_Artigo_01/Codigos_Angelita_C_Tudo/Artigo_01/03_Com_Release_Dificil/03_Instancias_Geradas/01_Estruturadas/dados_trab_5_50_struc_release_dificil_08;137;9,10,13,15,17,18,20,23,33,34,35,38,39,40,43;referencia + 0.200*Cmax em posicoes selecionadas
dados_trab_5_50_struc_09;struc;5;50;9;747;/mnt/d/Codigos_Angelita_Artigo_01/Codigos_Angelita_C_Tudo/Artigo_01/03_Com_Release_Dificil/03_Instancias_Geradas/01_Estruturadas/dados_trab_5_50_struc_release_dificil_09;150;3,8,18,20,21,22,23,30,36,37,40,41,45,46,49;referencia + 0.200*Cmax em posicoes selecionadas
dados_trab_5_50_struc_10;struc;5;50;10;672;/mnt/d/Codigos_Angelita_Artigo_01/Codigos_Angelita_C_Tudo/Artigo_01/03_Com_Release_Dificil/03_Instancias_Geradas/01_Estruturadas/dados_trab_5_50_struc_release_dificil_10;135;2,4,5,11,15,16,17,28,30,31,38,40,44,45;referencia + 0.200*Cmax em posicoes selecionadas
