arquivo;tipo;maquinas;tarefas;instancia;semente
/mnt/d/Codigos_Angelita_Artigo_01/Codigos_Angelita_C_Tudo/Artigo_01/01_Sem_Release/03_Instancias_Geradas/01_Estruturadas/dados_trab_2_20_struc_01;estruturada;2;20;1;14546
/mnt/d/Codigos_Angelita_Artigo_01/Codigos_Angelita_C_Tudo/Artigo_01/01_Sem_Release/03_Instancias_Geradas/02_Nao_Estruturadas/dados_trab_2_20_nonstruc_01;nao_estruturada;2;20;1;56522
/mnt/d/Codigos_Angelita_Artigo_01/Codigos_Angelita_C_Tudo/Artigo_01/01_Sem_Release/03_Instancias_Geradas/01_Estruturadas/dados_trab_2_20_struc_02;estruturada;2;20;2;14547
/mnt/d/Codigos_Angelita_Artigo_01/Codigos_Angelita_C_Tudo/Artigo_01/01_Sem_Release/03_Instancias_Geradas/02_Nao_Estruturadas/dados_trab_2_20_nonstruc_02;nao_estruturada;2;20;2;56523
/mnt/d/Codigos_Angelita_Artigo_01/Codigos_Angelita_C_Tudo/Artigo_01/01_Sem_Release/03_Instancias_Geradas/01_Estruturadas/dados_trab_2_20_struc_03;estruturada;2;20;3;14548
/mnt/d/Codigos_Angelita_Artigo_01/Codigos_Angelita_C_Tudo/Artigo_01/01_Sem_Release/03_Instancias_Geradas/02_Nao_Estruturadas/dados_trab_2_20_nonstruc_03;nao_estruturada;2;20;3;56524
/mnt/d/Codigos_Angelita_Artigo_01/Codigos_Angelita_C_Tudo/Artigo_01/01_Sem_Release/03_Instancias_Geradas/01_Estruturadas/dados_trab_2_20_struc_04;estruturada;2;20;4;14549
/mnt/d/Codigos_Angelita_Artigo_01/Codigos_Angelita_C_Tudo/Artigo_01/01_Sem_Release/03_Instancias_Geradas/02_Nao_Estruturadas/dados_trab_2_20_nonstruc_04;nao_estruturada;2;20;4;56525
/mnt/d/Codigos_Angelita_Artigo_01/Codigos_Angelita_C_Tudo/Artigo_01/01_Sem_Release/03_Instancias_Geradas/01_Estruturadas/dados_trab_2_20_struc_05;estruturada;2;20;5;14550
/mnt/d/Codigos_Angelita_Artigo_01/Codigos_Angelita_C_Tudo/Artigo_01/01_Sem_Release/03_Instancias_Geradas/02_Nao_Estruturadas/dados_trab_2_20_nonstruc_05;nao_estruturada;2;20;5;56526
/mnt/d/Codigos_Angelita_Artigo_01/Codigos_Angelita_C_Tudo/Artigo_01/01_Sem_Release/03_Instancias_Geradas/01_Estruturadas/dados_trab_2_20_struc_06;estruturada;2;20;6;14551
/mnt/d/Codigos_Angelita_Artigo_01/Codigos_Angelita_C_Tudo/Artigo_01/01_Sem_Release/03_Instancias_Geradas/02_Nao_Estruturadas/dados_trab_2_20_nonstruc_06;nao_estruturada;2;20;6;56527
/mnt/d/Codigos_Angelita_Artigo_01/Codigos_Angelita_C_Tudo/Artigo_01/01_Sem_Release/03_Instancias_Geradas/01_Estruturadas/dados_trab_2_20_struc_07;estruturada;2;20;7;14552
/mnt/d/Codigos_Angelita_Artigo_01/Codigos_Angelita_C_Tudo/Artigo_01/01_Sem_Release/03_Instancias_Geradas/02_Nao_Estruturadas/dados_trab_2_20_nonstruc_07;nao_estruturada;2;20;7;56528
/mnt/d/Codigos_Angelita_Artigo_01/Codigos_Angelita_C_Tudo/Artigo_01/01_Sem_Release/03_Instancias_Geradas/01_Estruturadas/dados_trab_2_20_struc_08;estruturada;2;20;8;14553
/mnt/d/Codigos_Angelita_Artigo_01/Codigos_Angelita_C_Tudo/Artigo_01/01_Sem_Release/03_Instancias_Geradas/02_Nao_Estruturadas/dados_trab_2_20_nonstruc_08;nao_estruturada;2;20;8;56529
/mnt/d/Codigos_Angelita_Artigo_01/Codigos_Angelita_C_Tudo/Artigo_01/01_Sem_Release/03_Instancias_Geradas/01_Estruturadas/dados_trab_2_20_struc_09;estruturada;2;20;9;14554
/mnt/d/Codigos_Angelita_Artigo_01/Codigos_Angelita_C_Tudo/Artigo_01/01_Sem_Release/03_Instancias_Geradas/02_Nao_Estruturadas/dados_trab_2_20_nonstruc_09;nao_estruturada;2;20;9;56530
/mnt/d/Codigos_Angelita_Artigo_01/Codigos_Angelita_C_Tudo/Artigo_01/01_Sem_Release/03_Instancias_Geradas/01_Estruturadas/dados_trab_2_20_struc_10;estruturada;2;20;10;14555
/mnt/d/Codigos_Angelita_Artigo_01/Codigos_Angelita_C_Tudo/Artigo_01/01_Sem_Release/03_Instancias_Geradas/02_Nao_Estruturadas/dados_trab_2_20_nonstruc_10;nao_estruturada;2;20;10;56531
/mnt/d/Codigos_Angelita_Artigo_01/Codigos_Angelita_C_Tudo/Artigo_01/01_Sem_Release/03_Instancias_Geradas/01_Estruturadas/dados_trab_3_20_struc_01;estruturada;3;20;1;15546
/mnt/d/Codigos_Angelita_Artigo_01/Codigos_Angelita_C_Tudo/Artigo_01/01_Sem_Release/03_Instancias_Geradas/02_Nao_Estruturadas/dados_trab_3_20_nonstruc_01;nao_estruturada;3;20;1;57522
/mnt/d/Codigos_Angelita_Artigo_01/Codigos_Angelita_C_Tudo/Artigo_01/01_Sem_Release/03_Instancias_Geradas/01_Estruturadas/dados_trab_3_20_struc_02;estruturada;3;20;2;15547
/mnt/d/Codigos_Angelita_Artigo_01/Codigos_Angelita_C_Tudo/Artigo_01/01_Sem_Release/03_Instancias_Geradas/02_Nao_Estruturadas/dados_trab_3_20_nonstruc_02;nao_estruturada;3;20;2;57523
/mnt/d/Codigos_Angelita_Artigo_01/Codigos_Angelita_C_Tudo/Artigo_01/01_Sem_Release/03_Instancias_Geradas/01_Estruturadas/dados_trab_3_20_struc_03;estruturada;3;20;3;15548
/mnt/d/Codigos_Angelita_Artigo_01/Codigos_Angelita_C_Tudo/Artigo_01/01_Sem_Release/03_Instancias_Geradas/02_Nao_Estruturadas/dados_trab_3_20_nonstruc_03;nao_estruturada;3;20;3;57524
/mnt/d/Codigos_Angelita_Artigo_01/Codigos_Angelita_C_Tudo/Artigo_01/01_Sem_Release/03_Instancias_Geradas/01_Estruturadas/dados_trab_3_20_struc_04;estruturada;3;20;4;15549
/mnt/d/Codigos_Angelita_Artigo_01/Codigos_Angelita_C_Tudo/Artigo_01/01_Sem_Release/03_Instancias_Geradas/02_Nao_Estruturadas/dados_trab_3_20_nonstruc_04;nao_estruturada;3;20;4;57525
/mnt/d/Codigos_Angelita_Artigo_01/Codigos_Angelita_C_Tudo/Artigo_01/01_Sem_Release/03_Instancias_Geradas/01_Estruturadas/dados_trab_3_20_struc_05;estruturada;3;20;5;15550
/mnt/d/Codigos_Angelita_Artigo_01/Codigos_Angelita_C_Tudo/Artigo_01/01_Sem_Release/03_Instancias_Geradas/02_Nao_Estruturadas/dados_trab_3_20_nonstruc_05;nao_estruturada;3;20;5;57526
/mnt/d/Codigos_Angelita_Artigo_01/Codigos_Angelita_C_Tudo/Artigo_01/01_Sem_Release/03_Instancias_Geradas/01_Estruturadas/dados_trab_3_20_struc_06;estruturada;3;20;6;15551
/mnt/d/Codigos_Angelita_Artigo_01/Codigos_Angelita_C_Tudo/Artigo_01/01_Sem_Release/03_Instancias_Geradas/02_Nao_Estruturadas/dados_trab_3_20_nonstruc_06;nao_estruturada;3;20;6;57527
/mnt/d/Codigos_Angelita_Artigo_01/Codigos_Angelita_C_Tudo/Artigo_01/01_Sem_Release/03_Instancias_Geradas/01_Estruturadas/dados_trab_3_20_struc_07;estruturada;3;20;7;15552
/mnt/d/Codigos_Angelita_Artigo_01/Codigos_Angelita_C_Tudo/Artigo_01/01_Sem_Release/03_Instancias_Geradas/02_Nao_Estruturadas/dados_trab_3_20_nonstruc_07;nao_estruturada;3;20;7;57528
/mnt/d/Codigos_Angelita_Artigo_01/Codigos_Angelita_C_Tudo/Artigo_01/01_Sem_Release/03_Instancias_Geradas/01_Estruturadas/dados_trab_3_20_struc_08;estruturada;3;20;8;15553
/mnt/d/Codigos_Angelita_Artigo_01/Codigos_Angelita_C_Tudo/Artigo_01/01_Sem_Release/03_Instancias_Geradas/02_Nao_Estruturadas/dados_trab_3_20_nonstruc_08;nao_estruturada;3;20;8;57529
/mnt/d/Codigos_Angelita_Artigo_01/Codigos_Angelita_C_Tudo/Artigo_01/01_Sem_Release/03_Instancias_Geradas/01_Estruturadas/dados_trab_3_20_struc_09;estruturada;3;20;9;15554
/mnt/d/Codigos_Angelita_Artigo_01/Codigos_Angelita_C_Tudo/Artigo_01/01_Sem_Release/03_Instancias_Geradas/02_Nao_Estruturadas/dados_trab_3_20_nonstruc_09;nao_estruturada;3;20;9;57530
/mnt/d/Codigos_Angelita_Artigo_01/Codigos_Angelita_C_Tudo/Artigo_01/01_Sem_Release/03_Instancias_Geradas/01_Estruturadas/dados_trab_3_20_struc_10;estruturada;3;20;10;15555
/mnt/d/Codigos_Angelita_Artigo_01/Codigos_Angelita_C_Tudo/Artigo_01/01_Sem_Release/03_Instancias_Geradas/02_Nao_Estruturadas/dados_trab_3_20_nonstruc_10;nao_estruturada;3;20;10;57531
/mnt/d/Codigos_Angelita_Artigo_01/Codigos_Angelita_C_Tudo/Artigo_01/01_Sem_Release/03_Instancias_Geradas/01_Estruturadas/dados_trab_4_20_struc_01;estruturada;4;20;1;16546
/mnt/d/Codigos_Angelita_Artigo_01/Codigos_Angelita_C_Tudo/Artigo_01/01_Sem_Release/03_Instancias_Geradas/02_Nao_Estruturadas/dados_trab_4_20_nonstruc_01;nao_estruturada;4;20;1;58522
/mnt/d/Codigos_Angelita_Artigo_01/Codigos_Angelita_C_Tudo/Artigo_01/01_Sem_Release/03_Instancias_Geradas/01_Estruturadas/dados_trab_4_20_struc_02;estruturada;4;20;2;16547
/mnt/d/Codigos_Angelita_Artigo_01/Codigos_Angelita_C_Tudo/Artigo_01/01_Sem_Release/03_Instancias_Geradas/02_Nao_Estruturadas/dados_trab_4_20_nonstruc_02;nao_estruturada;4;20;2;58523
/mnt/d/Codigos_Angelita_Artigo_01/Codigos_Angelita_C_Tudo/Artigo_01/01_Sem_Release/03_Instancias_Geradas/01_Estruturadas/dados_trab_4_20_struc_03;estruturada;4;20;3;16548
/mnt/d/Codigos_Angelita_Artigo_01/Codigos_Angelita_C_Tudo/Artigo_01/01_Sem_Release/03_Instancias_Geradas/02_Nao_Estruturadas/dados_trab_4_20_nonstruc_03;nao_estruturada;4;20;3;58524
/mnt/d/Codigos_Angelita_Artigo_01/Codigos_Angelita_C_Tudo/Artigo_01/01_Sem_Release/03_Instancias_Geradas/01_Estruturadas/dados_trab_4_20_struc_04;estruturada;4;20;4;16549
/mnt/d/Codigos_Angelita_Artigo_01/Codigos_Angelita_C_Tudo/Artigo_01/01_Sem_Release/03_Instancias_Geradas/02_Nao_Estruturadas/dados_trab_4_20_nonstruc_04;nao_estruturada;4;20;4;58525
/mnt/d/Codigos_Angelita_Artigo_01/Codigos_Angelita_C_Tudo/Artigo_01/01_Sem_Release/03_Instancias_Geradas/01_Estruturadas/dados_trab_4_20_struc_05;estruturada;4;20;5;16550
/mnt/d/Codigos_Angelita_Artigo_01/Codigos_Angelita_C_Tudo/Artigo_01/01_Sem_Release/03_Instancias_Geradas/02_Nao_Estruturadas/dados_trab_4_20_nonstruc_05;nao_estruturada;4;20;5;58526
/mnt/d/Codigos_Angelita_Artigo_01/Codigos_Angelita_C_Tudo/Artigo_01/01_Sem_Release/03_Instancias_Geradas/01_Estruturadas/dados_trab_4_20_struc_06;estruturada;4;20;6;16551
/mnt/d/Codigos_Angelita_Artigo_01/Codigos_Angelita_C_Tudo/Artigo_01/01_Sem_Release/03_Instancias_Geradas/02_Nao_Estruturadas/dados_trab_4_20_nonstruc_06;nao_estruturada;4;20;6;58527
/mnt/d/Codigos_Angelita_Artigo_01/Codigos_Angelita_C_Tudo/Artigo_01/01_Sem_Release/03_Instancias_Geradas/01_Estruturadas/dados_trab_4_20_struc_07;estruturada;4;20;7;16552
/mnt/d/Codigos_Angelita_Artigo_01/Codigos_Angelita_C_Tudo/Artigo_01/01_Sem_Release/03_Instancias_Geradas/02_Nao_Estruturadas/dados_trab_4_20_nonstruc_07;nao_estruturada;4;20;7;58528
/mnt/d/Codigos_Angelita_Artigo_01/Codigos_Angelita_C_Tudo/Artigo_01/01_Sem_Release/03_Instancias_Geradas/01_Estruturadas/dados_trab_4_20_struc_08;estruturada;4;20;8;16553
/mnt/d/Codigos_Angelita_Artigo_01/Codigos_Angelita_C_Tudo/Artigo_01/01_Sem_Release/03_Instancias_Geradas/02_Nao_Estruturadas/dados_trab_4_20_nonstruc_08;nao_estruturada;4;20;8;58529
/mnt/d/Codigos_Angelita_Artigo_01/Codigos_Angelita_C_Tudo/Artigo_01/01_Sem_Release/03_Instancias_Geradas/01_Estruturadas/dados_trab_4_20_struc_09;estruturada;4;20;9;16554
/mnt/d/Codigos_Angelita_Artigo_01/Codigos_Angelita_C_Tudo/Artigo_01/01_Sem_Release/03_Instancias_Geradas/02_Nao_Estruturadas/dados_trab_4_20_nonstruc_09;nao_estruturada;4;20;9;58530
/mnt/d/Codigos_Angelita_Artigo_01/Codigos_Angelita_C_Tudo/Artigo_01/01_Sem_Release/03_Instancias_Geradas/01_Estruturadas/dados_trab_4_20_struc_10;estruturada;4;20;10;16555
/mnt/d/Codigos_Angelita_Artigo_01/Codigos_Angelita_C_Tudo/Artigo_01/01_Sem_Release/03_Instancias_Geradas/02_Nao_Estruturadas/dados_trab_4_20_nonstruc_10;nao_estruturada;4;20;10;58531
/mnt/d/Codigos_Angelita_Artigo_01/Codigos_Angelita_C_Tudo/Artigo_01/01_Sem_Release/03_Instancias_Geradas/01_Estruturadas/dados_trab_5_20_struc_01;estruturada;5;20;1;17546
/mnt/d/Codigos_Angelita_Artigo_01/Codigos_Angelita_C_Tudo/Artigo_01/01_Sem_Release/03_Instancias_Geradas/02_Nao_Estruturadas/dados_trab_5_20_nonstruc_01;nao_estruturada;5;20;1;59522
/mnt/d/Codigos_Angelita_Artigo_01/Codigos_Angelita_C_Tudo/Artigo_01/01_Sem_Release/03_Instancias_Geradas/01_Estruturadas/dados_trab_5_20_struc_02;estruturada;5;20;2;17547
/mnt/d/Codigos_Angelita_Artigo_01/Codigos_Angelita_C_Tudo/Artigo_01/01_Sem_Release/03_Instancias_Geradas/02_Nao_Estruturadas/dados_trab_5_20_nonstruc_02;nao_estruturada;5;20;2;59523
/mnt/d/Codigos_Angelita_Artigo_01/Codigos_Angelita_C_Tudo/Artigo_01/01_Sem_Release/03_Instancias_Geradas/01_Estruturadas/dados_trab_5_20_struc_03;estruturada;5;20;3;17548
/mnt/d/Codigos_Angelita_Artigo_01/Codigos_Angelita_C_Tudo/Artigo_01/01_Sem_Release/03_Instancias_Geradas/02_Nao_Estruturadas/dados_trab_5_20_nonstruc_03;nao_estruturada;5;20;3;59524
/mnt/d/Codigos_Angelita_Artigo_01/Codigos_Angelita_C_Tudo/Artigo_01/01_Sem_Release/03_Instancias_Geradas/01_Estruturadas/dados_trab_5_20_struc_04;estruturada;5;20;4;17549
/mnt/d/Codigos_Angelita_Artigo_01/Codigos_Angelita_C_Tudo/Artigo_01/01_Sem_Release/03_Instancias_Geradas/02_Nao_Estruturadas/dados_trab_5_20_nonstruc_04;nao_estruturada;5;20;4;59525
/mnt/d/Codigos_Angelita_Artigo_01/Codigos_Angelita_C_Tudo/Artigo_01/01_Sem_Release/03_Instancias_Geradas/01_Estruturadas/dados_trab_5_20_struc_05;estruturada;5;20;5;17550
/mnt/d/Codigos_Angelita_Artigo_01/Codigos_Angelita_C_Tudo/Artigo_01/01_Sem_Release/03_Instancias_Geradas/02_Nao_Estruturadas/dados_trab_5_20_nonstruc_05;nao_estruturada;5;20;5;59526
/mnt/d/Codigos_Angelita_Artigo_01/Codigos_Angelita_C_Tudo/Artigo_01/01_Sem_Release/03_Instancias_Geradas/01_Estruturadas/dados_trab_5_20_struc_06;estruturada;5;20;6;17551
/mnt/d/Codigos_Angelita_Artigo_01/Codigos_Angelita_C_Tudo/Artigo_01/01_Sem_Release/03_Instancias_Geradas/02_Nao_Estruturadas/dados_trab_5_20_nonstruc_06;nao_estruturada;5;20;6;59527
/mnt/d/Codigos_Angelita_Artigo_01/Codigos_Angelita_C_Tudo/Artigo_01/01_Sem_Release/03_Instancias_Geradas/01_Estruturadas/dados_trab_5_20_struc_07;estruturada;5;20;7;17552
/mnt/d/Codigos_Angelita_Artigo_01/Codigos_Angelita_C_Tudo/Artigo_01/01_Sem_Release/03_Instancias_Geradas/02_Nao_Estruturadas/dados_trab_5_20_nonstruc_07;nao_estruturada;5;20;7;59528
/mnt/d/Codigos_Angelita_Artigo_01/Codigos_Angelita_C_Tudo/Artigo_01/01_Sem_Release/03_Instancias_Geradas/01_Estruturadas/dados_trab_5_20_struc_08;estruturada;5;20;8;17553
/mnt/d/Codigos_Angelita_Artigo_01/Codigos_Angelita_C_Tudo/Artigo_01/01_Sem_Release/03_Instancias_Geradas/02_Nao_Estruturadas/dados_trab_5_20_nonstruc_08;nao_estruturada;5;20;8;59529
/mnt/d/Codigos_Angelita_Artigo_01/Codigos_Angelita_C_Tudo/Artigo_01/01_Sem_Release/03_Instancias_Geradas/01_Estruturadas/dados_trab_5_20_struc_09;estruturada;5;20;9;17554
/mnt/d/Codigos_Angelita_Artigo_01/Codigos_Angelita_C_Tudo/Artigo_01/01_Sem_Release/03_Instancias_Geradas/02_Nao_Estruturadas/dados_trab_5_20_nonstruc_09;nao_estruturada;5;20;9;59530
/mnt/d/Codigos_Angelita_Artigo_01/Codigos_Angelita_C_Tudo/Artigo_01/01_Sem_Release/03_Instancias_Geradas/01_Estruturadas/dados_trab_5_20_struc_10;estruturada;5;20;10;17555
/mnt/d/Codigos_Angelita_Artigo_01/Codigos_Angelita_C_Tudo/Artigo_01/01_Sem_Release/03_Instancias_Geradas/02_Nao_Estruturadas/dados_trab_5_20_nonstruc_10;nao_estruturada;5;20;10;59531
/mnt/d/Codigos_Angelita_Artigo_01/Codigos_Angelita_C_Tudo/Artigo_01/01_Sem_Release/03_Instancias_Geradas/01_Estruturadas/dados_trab_2_30_struc_01;estruturada;2;30;1;14646
/mnt/d/Codigos_Angelita_Artigo_01/Codigos_Angelita_C_Tudo/Artigo_01/01_Sem_Release/03_Instancias_Geradas/02_Nao_Estruturadas/dados_trab_2_30_nonstruc_01;nao_estruturada;2;30;1;56622
/mnt/d/Codigos_Angelita_Artigo_01/Codigos_Angelita_C_Tudo/Artigo_01/01_Sem_Release/03_Instancias_Geradas/01_Estruturadas/dados_trab_2_30_struc_02;estruturada;2;30;2;14647
/mnt/d/Codigos_Angelita_Artigo_01/Codigos_Angelita_C_Tudo/Artigo_01/01_Sem_Release/03_Instancias_Geradas/02_Nao_Estruturadas/dados_trab_2_30_nonstruc_02;nao_estruturada;2;30;2;56623
/mnt/d/Codigos_Angelita_Artigo_01/Codigos_Angelita_C_Tudo/Artigo_01/01_Sem_Release/03_Instancias_Geradas/01_Estruturadas/dados_trab_2_30_struc_03;estruturada;2;30;3;14648
/mnt/d/Codigos_Angelita_Artigo_01/Codigos_Angelita_C_Tudo/Artigo_01/01_Sem_Release/03_Instancias_Geradas/02_Nao_Estruturadas/dados_trab_2_30_nonstruc_03;nao_estruturada;2;30;3;56624
/mnt/d/Codigos_Angelita_Artigo_01/Codigos_Angelita_C_Tudo/Artigo_01/01_Sem_Release/03_Instancias_Geradas/01_Estruturadas/dados_trab_2_30_struc_04;estruturada;2;30;4;14649
/mnt/d/Codigos_Angelita_Artigo_01/Codigos_Angelita_C_Tudo/Artigo_01/01_Sem_Release/03_Instancias_Geradas/02_Nao_Estruturadas/dados_trab_2_30_nonstruc_04;nao_estruturada;2;30;4;56625
/mnt/d/Codigos_Angelita_Artigo_01/Codigos_Angelita_C_Tudo/Artigo_01/01_Sem_Release/03_Instancias_Geradas/01_Estruturadas/dados_trab_2_30_struc_05;estruturada;2;30;5;14650
/mnt/d/Codigos_Angelita_Artigo_01/Codigos_Angelita_C_Tudo/Artigo_01/01_Sem_Release/03_Instancias_Geradas/02_Nao_Estruturadas/dados_trab_2_30_nonstruc_05;nao_estruturada;2;30;5;56626
/mnt/d/Codigos_Angelita_Artigo_01/Codigos_Angelita_C_Tudo/Artigo_01/01_Sem_Release/03_Instancias_Geradas/01_Estruturadas/dados_trab_2_30_struc_06;estruturada;2;30;6;14651
/mnt/d/Codigos_Angelita_Artigo_01/Codigos_Angelita_C_Tudo/Artigo_01/01_Sem_Release/03_Instancias_Geradas/02_Nao_Estruturadas/dados_trab_2_30_nonstruc_06;nao_estruturada;2;30;6;56627
/mnt/d/Codigos_Angelita_Artigo_01/Codigos_Angelita_C_Tudo/Artigo_01/01_Sem_Release/03_Instancias_Geradas/01_Estruturadas/dados_trab_2_30_struc_07;estruturada;2;30;7;14652
/mnt/d/Codigos_Angelita_Artigo_01/Codigos_Angelita_C_Tudo/Artigo_01/01_Sem_Release/03_Instancias_Geradas/02_Nao_Estruturadas/dados_trab_2_30_nonstruc_07;nao_estruturada;2;30;7;56628
/mnt/d/Codigos_Angelita_Artigo_01/Codigos_Angelita_C_Tudo/Artigo_01/01_Sem_Release/03_Instancias_Geradas/01_Estruturadas/dados_trab_2_30_struc_08;estruturada;2;30;8;14653
/mnt/d/Codigos_Angelita_Artigo_01/Codigos_Angelita_C_Tudo/Artigo_01/01_Sem_Release/03_Instancias_Geradas/02_Nao_Estruturadas/dados_trab_2_30_nonstruc_08;nao_estruturada;2;30;8;56629
/mnt/d/Codigos_Angelita_Artigo_01/Codigos_Angelita_C_Tudo/Artigo_01/01_Sem_Release/03_Instancias_Geradas/01_Estruturadas/dados_trab_2_30_struc_09;estruturada;2;30;9;14654
/mnt/d/Codigos_Angelita_Artigo_01/Codigos_Angelita_C_Tudo/Artigo_01/01_Sem_Release/03_Instancias_Geradas/02_Nao_Estruturadas/dados_trab_2_30_nonstruc_09;nao_estruturada;2;30;9;56630
/mnt/d/Codigos_Angelita_Artigo_01/Codigos_Angelita_C_Tudo/Artigo_01/01_Sem_Release/03_Instancias_Geradas/01_Estruturadas/dados_trab_2_30_struc_10;estruturada;2;30;10;14655
/mnt/d/Codigos_Angelita_Artigo_01/Codigos_Angelita_C_Tudo/Artigo_01/01_Sem_Release/03_Instancias_Geradas/02_Nao_Estruturadas/dados_trab_2_30_nonstruc_10;nao_estruturada;2;30;10;56631
/mnt/d/Codigos_Angelita_Artigo_01/Codigos_Angelita_C_Tudo/Artigo_01/01_Sem_Release/03_Instancias_Geradas/01_Estruturadas/dados_trab_3_30_struc_01;estruturada;3;30;1;15646
/mnt/d/Codigos_Angelita_Artigo_01/Codigos_Angelita_C_Tudo/Artigo_01/01_Sem_Release/03_Instancias_Geradas/02_Nao_Estruturadas/dados_trab_3_30_nonstruc_01;nao_estruturada;3;30;1;57622
/mnt/d/Codigos_Angelita_Artigo_01/Codigos_Angelita_C_Tudo/Artigo_01/01_Sem_Release/03_Instancias_Geradas/01_Estruturadas/dados_trab_3_30_struc_02;estruturada;3;30;2;15647
/mnt/d/Codigos_Angelita_Artigo_01/Codigos_Angelita_C_Tudo/Artigo_01/01_Sem_Release/03_Instancias_Geradas/02_Nao_Estruturadas/dados_trab_3_30_nonstruc_02;nao_estruturada;3;30;2;57623
/mnt/d/Codigos_Angelita_Artigo_01/Codigos_Angelita_C_Tudo/Artigo_01/01_Sem_Release/03_Instancias_Geradas/01_Estruturadas/dados_trab_3_30_struc_03;estruturada;3;30;3;15648
/mnt/d/Codigos_Angelita_Artigo_01/Codigos_Angelita_C_Tudo/Artigo_01/01_Sem_Release/03_Instancias_Geradas/02_Nao_Estruturadas/dados_trab_3_30_nonstruc_03;nao_estruturada;3;30;3;57624
/mnt/d/Codigos_Angelita_Artigo_01/Codigos_Angelita_C_Tudo/Artigo_01/01_Sem_Release/03_Instancias_Geradas/01_Estruturadas/dados_trab_3_30_struc_04;estruturada;3;30;4;15649
/mnt/d/Codigos_Angelita_Artigo_01/Codigos_Angelita_C_Tudo/Artigo_01/01_Sem_Release/03_Instancias_Geradas/02_Nao_Estruturadas/dados_trab_3_30_nonstruc_04;nao_estruturada;3;30;4;57625
/mnt/d/Codigos_Angelita_Artigo_01/Codigos_Angelita_C_Tudo/Artigo_01/01_Sem_Release/03_Instancias_Geradas/01_Estruturadas/dados_trab_3_30_struc_05;estruturada;3;30;5;15650
/mnt/d/Codigos_Angelita_Artigo_01/Codigos_Angelita_C_Tudo/Artigo_01/01_Sem_Release/03_Instancias_Geradas/02_Nao_Estruturadas/dados_trab_3_30_nonstruc_05;nao_estruturada;3;30;5;57626
/mnt/d/Codigos_Angelita_Artigo_01/Codigos_Angelita_C_Tudo/Artigo_01/01_Sem_Release/03_Instancias_Geradas/01_Estruturadas/dados_trab_3_30_struc_06;estruturada;3;30;6;15651
/mnt/d/Codigos_Angelita_Artigo_01/Codigos_Angelita_C_Tudo/Artigo_01/01_Sem_Release/03_Instancias_Geradas/02_Nao_Estruturadas/dados_trab_3_30_nonstruc_06;nao_estruturada;3;30;6;57627
/mnt/d/Codigos_Angelita_Artigo_01/Codigos_Angelita_C_Tudo/Artigo_01/01_Sem_Release/03_Instancias_Geradas/01_Estruturadas/dados_trab_3_30_struc_07;estruturada;3;30;7;15652
/mnt/d/Codigos_Angelita_Artigo_01/Codigos_Angelita_C_Tudo/Artigo_01/01_Sem_Release/03_Instancias_Geradas/02_Nao_Estruturadas/dados_trab_3_30_nonstruc_07;nao_estruturada;3;30;7;57628
/mnt/d/Codigos_Angelita_Artigo_01/Codigos_Angelita_C_Tudo/Artigo_01/01_Sem_Release/03_Instancias_Geradas/01_Estruturadas/dados_trab_3_30_struc_08;estruturada;3;30;8;15653
/mnt/d/Codigos_Angelita_Artigo_01/Codigos_Angelita_C_Tudo/Artigo_01/01_Sem_Release/03_Instancias_Geradas/02_Nao_Estruturadas/dados_trab_3_30_nonstruc_08;nao_estruturada;3;30;8;57629
/mnt/d/Codigos_Angelita_Artigo_01/Codigos_Angelita_C_Tudo/Artigo_01/01_Sem_Release/03_Instancias_Geradas/01_Estruturadas/dados_trab_3_30_struc_09;estruturada;3;30;9;15654
/mnt/d/Codigos_Angelita_Artigo_01/Codigos_Angelita_C_Tudo/Artigo_01/01_Sem_Release/03_Instancias_Geradas/02_Nao_Estruturadas/dados_trab_3_30_nonstruc_09;nao_estruturada;3;30;9;57630
/mnt/d/Codigos_Angelita_Artigo_01/Codigos_Angelita_C_Tudo/Artigo_01/01_Sem_Release/03_Instancias_Geradas/01_Estruturadas/dados_trab_3_30_struc_10;estruturada;3;30;10;15655
/mnt/d/Codigos_Angelita_Artigo_01/Codigos_Angelita_C_Tudo/Artigo_01/01_Sem_Release/03_Instancias_Geradas/02_Nao_Estruturadas/dados_trab_3_30_nonstruc_10;nao_estruturada;3;30;10;57631
/mnt/d/Codigos_Angelita_Artigo_01/Codigos_Angelita_C_Tudo/Artigo_01/01_Sem_Release/03_Instancias_Geradas/01_Estruturadas/dados_trab_4_30_struc_01;estruturada;4;30;1;16646
/mnt/d/Codigos_Angelita_Artigo_01/Codigos_Angelita_C_Tudo/Artigo_01/01_Sem_Release/03_Instancias_Geradas/02_Nao_Estruturadas/dados_trab_4_30_nonstruc_01;nao_estruturada;4;30;1;58622
/mnt/d/Codigos_Angelita_Artigo_01/Codigos_Angelita_C_Tudo/Artigo_01/01_Sem_Release/03_Instancias_Geradas/01_Estruturadas/dados_trab_4_30_struc_02;estruturada;4;30;2;16647
/mnt/d/Codigos_Angelita_Artigo_01/Codigos_Angelita_C_Tudo/Artigo_01/01_Sem_Release/03_Instancias_Geradas/02_Nao_Estruturadas/dados_trab_4_30_nonstruc_02;nao_estruturada;4;30;2;58623
/mnt/d/Codigos_Angelita_Artigo_01/Codigos_Angelita_C_Tudo/Artigo_01/01_Sem_Release/03_Instancias_Geradas/01_Estruturadas/dados_trab_4_30_struc_03;estruturada;4;30;3;16648
/mnt/d/Codigos_Angelita_Artigo_01/Codigos_Angelita_C_Tudo/Artigo_01/01_Sem_Release/03_Instancias_Geradas/02_Nao_Estruturadas/dados_trab_4_30_nonstruc_03;nao_estruturada;4;30;3;58624
/mnt/d/Codigos_Angelita_Artigo_01/Codigos_Angelita_C_Tudo/Artigo_01/01_Sem_Release/03_Instancias_Geradas/01_Estruturadas/dados_trab_4_30_struc_04;estruturada;4;30;4;16649
/mnt/d/Codigos_Angelita_Artigo_01/Codigos_Angelita_C_Tudo/Artigo_01/01_Sem_Release/03_Instancias_Geradas/02_Nao_Estruturadas/dados_trab_4_30_nonstruc_04;nao_estruturada;4;30;4;58625
/mnt/d/Codigos_Angelita_Artigo_01/Codigos_Angelita_C_Tudo/Artigo_01/01_Sem_Release/03_Instancias_Geradas/01_Estruturadas/dados_trab_4_30_struc_05;estruturada;4;30;5;16650
/mnt/d/Codigos_Angelita_Artigo_01/Codigos_Angelita_C_Tudo/Artigo_01/01_Sem_Release/03_Instancias_Geradas/02_Nao_Estruturadas/dados_trab_4_30_nonstruc_05;nao_estruturada;4;30;5;58626
/mnt/d/Codigos_Angelita_Artigo_01/Codigos_Angelita_C_Tudo/Artigo_01/01_Sem_Release/03_Instancias_Geradas/01_Estruturadas/dados_trab_4_30_struc_06;estruturada;4;30;6;16651
/mnt/d/Codigos_Angelita_Artigo_01/Codigos_Angelita_C_Tudo/Artigo_01/01_Sem_Release/03_Instancias_Geradas/02_Nao_Estruturadas/dados_trab_4_30_nonstruc_06;nao_estruturada;4;30;6;58627
/mnt/d/Codigos_Angelita_Artigo_01/Codigos_Angelita_C_Tudo/Artigo_01/01_Sem_Release/03_Instancias_Geradas/01_Estruturadas/dados_trab_4_30_struc_07;estruturada;4;30;7;16652
/mnt/d/Codigos_Angelita_Artigo_01/Codigos_Angelita_C_Tudo/Artigo_01/01_Sem_Release/03_Instancias_Geradas/02_Nao_Estruturadas/dados_trab_4_30_nonstruc_07;nao_estruturada;4;30;7;58628
/mnt/d/Codigos_Angelita_Artigo_01/Codigos_Angelita_C_Tudo/Artigo_01/01_Sem_Release/03_Instancias_Geradas/01_Estruturadas/dados_trab_4_30_struc_08;estruturada;4;30;8;16653
/mnt/d/Codigos_Angelita_Artigo_01/Codigos_Angelita_C_Tudo/Artigo_01/01_Sem_Release/03_Instancias_Geradas/02_Nao_Estruturadas/dados_trab_4_30_nonstruc_08;nao_estruturada;4;30;8;58629
/mnt/d/Codigos_Angelita_Artigo_01/Codigos_Angelita_C_Tudo/Artigo_01/01_Sem_Release/03_Instancias_Geradas/01_Estruturadas/dados_trab_4_30_struc_09;estruturada;4;30;9;16654
/mnt/d/Codigos_Angelita_Artigo_01/Codigos_Angelita_C_Tudo/Artigo_01/01_Sem_Release/03_Instancias_Geradas/02_Nao_Estruturadas/dados_trab_4_30_nonstruc_09;nao_estruturada;4;30;9;58630
/mnt/d/Codigos_Angelita_Artigo_01/Codigos_Angelita_C_Tudo/Artigo_01/01_Sem_Release/03_Instancias_Geradas/01_Estruturadas/dados_trab_4_30_struc_10;estruturada;4;30;10;16655
/mnt/d/Codigos_Angelita_Artigo_01/Codigos_Angelita_C_Tudo/Artigo_01/01_Sem_Release/03_Instancias_Geradas/02_Nao_Estruturadas/dados_trab_4_30_nonstruc_10;nao_estruturada;4;30;10;58631
/mnt/d/Codigos_Angelita_Artigo_01/Codigos_Angelita_C_Tudo/Artigo_01/01_Sem_Release/03_Instancias_Geradas/01_Estruturadas/dados_trab_5_30_struc_01;estruturada;5;30;1;17646
/mnt/d/Codigos_Angelita_Artigo_01/Codigos_Angelita_C_Tudo/Artigo_01/01_Sem_Release/03_Instancias_Geradas/02_Nao_Estruturadas/dados_trab_5_30_nonstruc_01;nao_estruturada;5;30;1;59622
/mnt/d/Codigos_Angelita_Artigo_01/Codigos_Angelita_C_Tudo/Artigo_01/01_Sem_Release/03_Instancias_Geradas/01_Estruturadas/dados_trab_5_30_struc_02;estruturada;5;30;2;17647
/mnt/d/Codigos_Angelita_Artigo_01/Codigos_Angelita_C_Tudo/Artigo_01/01_Sem_Release/03_Instancias_Geradas/02_Nao_Estruturadas/dados_trab_5_30_nonstruc_02;nao_estruturada;5;30;2;59623
/mnt/d/Codigos_Angelita_Artigo_01/Codigos_Angelita_C_Tudo/Artigo_01/01_Sem_Release/03_Instancias_Geradas/01_Estruturadas/dados_trab_5_30_struc_03;estruturada;5;30;3;17648
/mnt/d/Codigos_Angelita_Artigo_01/Codigos_Angelita_C_Tudo/Artigo_01/01_Sem_Release/03_Instancias_Geradas/02_Nao_Estruturadas/dados_trab_5_30_nonstruc_03;nao_estruturada;5;30;3;59624
/mnt/d/Codigos_Angelita_Artigo_01/Codigos_Angelita_C_Tudo/Artigo_01/01_Sem_Release/03_Instancias_Geradas/01_Estruturadas/dados_trab_5_30_struc_04;estruturada;5;30;4;17649
/mnt/d/Codigos_Angelita_Artigo_01/Codigos_Angelita_C_Tudo/Artigo_01/01_Sem_Release/03_Instancias_Geradas/02_Nao_Estruturadas/dados_trab_5_30_nonstruc_04;nao_estruturada;5;30;4;59625
/mnt/d/Codigos_Angelita_Artigo_01/Codigos_Angelita_C_Tudo/Artigo_01/01_Sem_Release/03_Instancias_Geradas/01_Estruturadas/dados_trab_5_30_struc_05;estruturada;5;30;5;17650
/mnt/d/Codigos_Angelita_Artigo_01/Codigos_Angelita_C_Tudo/Artigo_01/01_Sem_Release/03_Instancias_Geradas/02_Nao_Estruturadas/dados_trab_5_30_nonstruc_05;nao_estruturada;5;30;5;59626
/mnt/d/Codigos_Angelita_Artigo_01/Codigos_Angelita_C_Tudo/Artigo_01/01_Sem_Release/03_Instancias_Geradas/01_Estruturadas/dados_trab_5_30_struc_06;estruturada;5;30;6;17651
/mnt/d/Codigos_Angelita_Artigo_01/Codigos_Angelita_C_Tudo/Artigo_01/01_Sem_Release/03_Instancias_Geradas/02_Nao_Estruturadas/dados_trab_5_30_nonstruc_06;nao_estruturada;5;30;6;59627
/mnt/d/Codigos_Angelita_Artigo_01/Codigos_Angelita_C_Tudo/Artigo_01/01_Sem_Release/03_Instancias_Geradas/01_Estruturadas/dados_trab_5_30_struc_07;estruturada;5;30;7;17652
/mnt/d/Codigos_Angelita_Artigo_01/Codigos_Angelita_C_Tudo/Artigo_01/01_Sem_Release/03_Instancias_Geradas/02_Nao_Estruturadas/dados_trab_5_30_nonstruc_07;nao_estruturada;5;30;7;59628
/mnt/d/Codigos_Angelita_Artigo_01/Codigos_Angelita_C_Tudo/Artigo_01/01_Sem_Release/03_Instancias_Geradas/01_Estruturadas/dados_trab_5_30_struc_08;estruturada;5;30;8;17653
/mnt/d/Codigos_Angelita_Artigo_01/Codigos_Angelita_C_Tudo/Artigo_01/01_Sem_Release/03_Instancias_Geradas/02_Nao_Estruturadas/dados_trab_5_30_nonstruc_08;nao_estruturada;5;30;8;59629
/mnt/d/Codigos_Angelita_Artigo_01/Codigos_Angelita_C_Tudo/Artigo_01/01_Sem_Release/03_Instancias_Geradas/01_Estruturadas/dados_trab_5_30_struc_09;estruturada;5;30;9;17654
/mnt/d/Codigos_Angelita_Artigo_01/Codigos_Angelita_C_Tudo/Artigo_01/01_Sem_Release/03_Instancias_Geradas/02_Nao_Estruturadas/dados_trab_5_30_nonstruc_09;nao_estruturada;5;30;9;59630
/mnt/d/Codigos_Angelita_Artigo_01/Codigos_Angelita_C_Tudo/Artigo_01/01_Sem_Release/03_Instancias_Geradas/01_Estruturadas/dados_trab_5_30_struc_10;estruturada;5;30;10;17655
/mnt/d/Codigos_Angelita_Artigo_01/Codigos_Angelita_C_Tudo/Artigo_01/01_Sem_Release/03_Instancias_Geradas/02_Nao_Estruturadas/dados_trab_5_30_nonstruc_10;nao_estruturada;5;30;10;59631
/mnt/d/Codigos_Angelita_Artigo_01/Codigos_Angelita_C_Tudo/Artigo_01/01_Sem_Release/03_Instancias_Geradas/01_Estruturadas/dados_trab_2_40_struc_01;estruturada;2;40;1;14746
/mnt/d/Codigos_Angelita_Artigo_01/Codigos_Angelita_C_Tudo/Artigo_01/01_Sem_Release/03_Instancias_Geradas/02_Nao_Estruturadas/dados_trab_2_40_nonstruc_01;nao_estruturada;2;40;1;56722
/mnt/d/Codigos_Angelita_Artigo_01/Codigos_Angelita_C_Tudo/Artigo_01/01_Sem_Release/03_Instancias_Geradas/01_Estruturadas/dados_trab_2_40_struc_02;estruturada;2;40;2;14747
/mnt/d/Codigos_Angelita_Artigo_01/Codigos_Angelita_C_Tudo/Artigo_01/01_Sem_Release/03_Instancias_Geradas/02_Nao_Estruturadas/dados_trab_2_40_nonstruc_02;nao_estruturada;2;40;2;56723
/mnt/d/Codigos_Angelita_Artigo_01/Codigos_Angelita_C_Tudo/Artigo_01/01_Sem_Release/03_Instancias_Geradas/01_Estruturadas/dados_trab_2_40_struc_03;estruturada;2;40;3;14748
/mnt/d/Codigos_Angelita_Artigo_01/Codigos_Angelita_C_Tudo/Artigo_01/01_Sem_Release/03_Instancias_Geradas/02_Nao_Estruturadas/dados_trab_2_40_nonstruc_03;nao_estruturada;2;40;3;56724
/mnt/d/Codigos_Angelita_Artigo_01/Codigos_Angelita_C_Tudo/Artigo_01/01_Sem_Release/03_Instancias_Geradas/01_Estruturadas/dados_trab_2_40_struc_04;estruturada;2;40;4;14749
/mnt/d/Codigos_Angelita_Artigo_01/Codigos_Angelita_C_Tudo/Artigo_01/01_Sem_Release/03_Instancias_Geradas/02_Nao_Estruturadas/dados_trab_2_40_nonstruc_04;nao_estruturada;2;40;4;56725
/mnt/d/Codigos_Angelita_Artigo_01/Codigos_Angelita_C_Tudo/Artigo_01/01_Sem_Release/03_Instancias_Geradas/01_Estruturadas/dados_trab_2_40_struc_05;estruturada;2;40;5;14750
/mnt/d/Codigos_Angelita_Artigo_01/Codigos_Angelita_C_Tudo/Artigo_01/01_Sem_Release/03_Instancias_Geradas/02_Nao_Estruturadas/dados_trab_2_40_nonstruc_05;nao_estruturada;2;40;5;56726
/mnt/d/Codigos_Angelita_Artigo_01/Codigos_Angelita_C_Tudo/Artigo_01/01_Sem_Release/03_Instancias_Geradas/01_Estruturadas/dados_trab_2_40_struc_06;estruturada;2;40;6;14751
/mnt/d/Codigos_Angelita_Artigo_01/Codigos_Angelita_C_Tudo/Artigo_01/01_Sem_Release/03_Instancias_Geradas/02_Nao_Estruturadas/dados_trab_2_40_nonstruc_06;nao_estruturada;2;40;6;56727
/mnt/d/Codigos_Angelita_Artigo_01/Codigos_Angelita_C_Tudo/Artigo_01/01_Sem_Release/03_Instancias_Geradas/01_Estruturadas/dados_trab_2_40_struc_07;estruturada;2;40;7;14752
/mnt/d/Codigos_Angelita_Artigo_01/Codigos_Angelita_C_Tudo/Artigo_01/01_Sem_Release/03_Instancias_Geradas/02_Nao_Estruturadas/dados_trab_2_40_nonstruc_07;nao_estruturada;2;40;7;56728
/mnt/d/Codigos_Angelita_Artigo_01/Codigos_Angelita_C_Tudo/Artigo_01/01_Sem_Release/03_Instancias_Geradas/01_Estruturadas/dados_trab_2_40_struc_08;estruturada;2;40;8;14753
/mnt/d/Codigos_Angelita_Artigo_01/Codigos_Angelita_C_Tudo/Artigo_01/01_Sem_Release/03_Instancias_Geradas/02_Nao_Estruturadas/dados_trab_2_40_nonstruc_08;nao_estruturada;2;40;8;56729
/mnt/d/Codigos_Angelita_Artigo_01/Codigos_Angelita_C_Tudo/Artigo_01/01_Sem_Release/03_Instancias_Geradas/01_Estruturadas/dados_trab_2_40_struc_09;estruturada;2;40;9;14754
/mnt/d/Codigos_Angelita_Artigo_01/Codigos_Angelita_C_Tudo/Artigo_01/01_Sem_Release/03_Instancias_Geradas/02_Nao_Estruturadas/dados_trab_2_40_nonstruc_09;nao_estruturada;2;40;9;56730
/mnt/d/Codigos_Angelita_Artigo_01/Codigos_Angelita_C_Tudo/Artigo_01/01_Sem_Release/03_Instancias_Geradas/01_Estruturadas/dados_trab_2_40_struc_10;estruturada;2;40;10;14755
/mnt/d/Codigos_Angelita_Artigo_01/Codigos_Angelita_C_Tudo/Artigo_01/01_Sem_Release/03_Instancias_Geradas/02_Nao_Estruturadas/dados_trab_2_40_nonstruc_10;nao_estruturada;2;40;10;56731
/mnt/d/Codigos_Angelita_Artigo_01/Codigos_Angelita_C_Tudo/Artigo_01/01_Sem_Release/03_Instancias_Geradas/01_Estruturadas/dados_trab_3_40_struc_01;estruturada;3;40;1;15746
/mnt/d/Codigos_Angelita_Artigo_01/Codigos_Angelita_C_Tudo/Artigo_01/01_Sem_Release/03_Instancias_Geradas/02_Nao_Estruturadas/dados_trab_3_40_nonstruc_01;nao_estruturada;3;40;1;57722
/mnt/d/Codigos_Angelita_Artigo_01/Codigos_Angelita_C_Tudo/Artigo_01/01_Sem_Release/03_Instancias_Geradas/01_Estruturadas/dados_trab_3_40_struc_02;estruturada;3;40;2;15747
/mnt/d/Codigos_Angelita_Artigo_01/Codigos_Angelita_C_Tudo/Artigo_01/01_Sem_Release/03_Instancias_Geradas/02_Nao_Estruturadas/dados_trab_3_40_nonstruc_02;nao_estruturada;3;40;2;57723
/mnt/d/Codigos_Angelita_Artigo_01/Codigos_Angelita_C_Tudo/Artigo_01/01_Sem_Release/03_Instancias_Geradas/01_Estruturadas/dados_trab_3_40_struc_03;estruturada;3;40;3;15748
/mnt/d/Codigos_Angelita_Artigo_01/Codigos_Angelita_C_Tudo/Artigo_01/01_Sem_Release/03_Instancias_Geradas/02_Nao_Estruturadas/dados_trab_3_40_nonstruc_03;nao_estruturada;3;40;3;57724
/mnt/d/Codigos_Angelita_Artigo_01/Codigos_Angelita_C_Tudo/Artigo_01/01_Sem_Release/03_Instancias_Geradas/01_Estruturadas/dados_trab_3_40_struc_04;estruturada;3;40;4;15749
/mnt/d/Codigos_Angelita_Artigo_01/Codigos_Angelita_C_Tudo/Artigo_01/01_Sem_Release/03_Instancias_Geradas/02_Nao_Estruturadas/dados_trab_3_40_nonstruc_04;nao_estruturada;3;40;4;57725
/mnt/d/Codigos_Angelita_Artigo_01/Codigos_Angelita_C_Tudo/Artigo_01/01_Sem_Release/03_Instancias_Geradas/01_Estruturadas/dados_trab_3_40_struc_05;estruturada;3;40;5;15750
/mnt/d/Codigos_Angelita_Artigo_01/Codigos_Angelita_C_Tudo/Artigo_01/01_Sem_Release/03_Instancias_Geradas/02_Nao_Estruturadas/dados_trab_3_40_nonstruc_05;nao_estruturada;3;40;5;57726
/mnt/d/Codigos_Angelita_Artigo_01/Codigos_Angelita_C_Tudo/Artigo_01/01_Sem_Release/03_Instancias_Geradas/01_Estruturadas/dados_trab_3_40_struc_06;estruturada;3;40;6;15751
/mnt/d/Codigos_Angelita_Artigo_01/Codigos_Angelita_C_Tudo/Artigo_01/01_Sem_Release/03_Instancias_Geradas/02_Nao_Estruturadas/dados_trab_3_40_nonstruc_06;nao_estruturada;3;40;6;57727
/mnt/d/Codigos_Angelita_Artigo_01/Codigos_Angelita_C_Tudo/Artigo_01/01_Sem_Release/03_Instancias_Geradas/01_Estruturadas/dados_trab_3_40_struc_07;estruturada;3;40;7;15752
/mnt/d/Codigos_Angelita_Artigo_01/Codigos_Angelita_C_Tudo/Artigo_01/01_Sem_Release/03_Instancias_Geradas/02_Nao_Estruturadas/dados_trab_3_40_nonstruc_07;nao_estruturada;3;40;7;57728
/mnt/d/Codigos_Angelita_Artigo_01/Codigos_Angelita_C_Tudo/Artigo_01/01_Sem_Release/03_Instancias_Geradas/01_Estruturadas/dados_trab_3_40_struc_08;estruturada;3;40;8;15753
/mnt/d/Codigos_Angelita_Artigo_01/Codigos_Angelita_C_Tudo/Artigo_01/01_Sem_Release/03_Instancias_Geradas/02_Nao_Estruturadas/dados_trab_3_40_nonstruc_08;nao_estruturada;3;40;8;57729
/mnt/d/Codigos_Angelita_Artigo_01/Codigos_Angelita_C_Tudo/Artigo_01/01_Sem_Release/03_Instancias_Geradas/01_Estruturadas/dados_trab_3_40_struc_09;estruturada;3;40;9;15754
/mnt/d/Codigos_Angelita_Artigo_01/Codigos_Angelita_C_Tudo/Artigo_01/01_Sem_Release/03_Instancias_Geradas/02_Nao_Estruturadas/dados_trab_3_40_nonstruc_09;nao_estruturada;3;40;9;57730
/mnt/d/Codigos_Angelita_Artigo_01/Codigos_Angelita_C_Tudo/Artigo_01/01_Sem_Release/03_Instancias_Geradas/01_Estruturadas/dados_trab_3_40_struc_10;estruturada;3;40;10;15755
/mnt/d/Codigos_Angelita_Artigo_01/Codigos_Angelita_C_Tudo/Artigo_01/01_Sem_Release/03_Instancias_Geradas/02_Nao_Estruturadas/dados_trab_3_40_nonstruc_10;nao_estruturada;3;40;10;57731
/mnt/d/Codigos_Angelita_Artigo_01/Codigos_Angelita_C_Tudo/Artigo_01/01_Sem_Release/03_Instancias_Geradas/01_Estruturadas/dados_trab_4_40_struc_01;estruturada;4;40;1;16746
/mnt/d/Codigos_Angelita_Artigo_01/Codigos_Angelita_C_Tudo/Artigo_01/01_Sem_Release/03_Instancias_Geradas/02_Nao_Estruturadas/dados_trab_4_40_nonstruc_01;nao_estruturada;4;40;1;58722
/mnt/d/Codigos_Angelita_Artigo_01/Codigos_Angelita_C_Tudo/Artigo_01/01_Sem_Release/03_Instancias_Geradas/01_Estruturadas/dados_trab_4_40_struc_02;estruturada;4;40;2;16747
/mnt/d/Codigos_Angelita_Artigo_01/Codigos_Angelita_C_Tudo/Artigo_01/01_Sem_Release/03_Instancias_Geradas/02_Nao_Estruturadas/dados_trab_4_40_nonstruc_02;nao_estruturada;4;40;2;58723
/mnt/d/Codigos_Angelita_Artigo_01/Codigos_Angelita_C_Tudo/Artigo_01/01_Sem_Release/03_Instancias_Geradas/01_Estruturadas/dados_trab_4_40_struc_03;estruturada;4;40;3;16748
/mnt/d/Codigos_Angelita_Artigo_01/Codigos_Angelita_C_Tudo/Artigo_01/01_Sem_Release/03_Instancias_Geradas/02_Nao_Estruturadas/dados_trab_4_40_nonstruc_03;nao_estruturada;4;40;3;58724
/mnt/d/Codigos_Angelita_Artigo_01/Codigos_Angelita_C_Tudo/Artigo_01/01_Sem_Release/03_Instancias_Geradas/01_Estruturadas/dados_trab_4_40_struc_04;estruturada;4;40;4;16749
/mnt/d/Codigos_Angelita_Artigo_01/Codigos_Angelita_C_Tudo/Artigo_01/01_Sem_Release/03_Instancias_Geradas/02_Nao_Estruturadas/dados_trab_4_40_nonstruc_04;nao_estruturada;4;40;4;58725
/mnt/d/Codigos_Angelita_Artigo_01/Codigos_Angelita_C_Tudo/Artigo_01/01_Sem_Release/03_Instancias_Geradas/01_Estruturadas/dados_trab_4_40_struc_05;estruturada;4;40;5;16750
/mnt/d/Codigos_Angelita_Artigo_01/Codigos_Angelita_C_Tudo/Artigo_01/01_Sem_Release/03_Instancias_Geradas/02_Nao_Estruturadas/dados_trab_4_40_nonstruc_05;nao_estruturada;4;40;5;58726
/mnt/d/Codigos_Angelita_Artigo_01/Codigos_Angelita_C_Tudo/Artigo_01/01_Sem_Release/03_Instancias_Geradas/01_Estruturadas/dados_trab_4_40_struc_06;estruturada;4;40;6;16751
/mnt/d/Codigos_Angelita_Artigo_01/Codigos_Angelita_C_Tudo/Artigo_01/01_Sem_Release/03_Instancias_Geradas/02_Nao_Estruturadas/dados_trab_4_40_nonstruc_06;nao_estruturada;4;40;6;58727
/mnt/d/Codigos_Angelita_Artigo_01/Codigos_Angelita_C_Tudo/Artigo_01/01_Sem_Release/03_Instancias_Geradas/01_Estruturadas/dados_trab_4_40_struc_07;estruturada;4;40;7;16752
/mnt/d/Codigos_Angelita_Artigo_01/Codigos_Angelita_C_Tudo/Artigo_01/01_Sem_Release/03_Instancias_Geradas/02_Nao_Estruturadas/dados_trab_4_40_nonstruc_07;nao_estruturada;4;40;7;58728
/mnt/d/Codigos_Angelita_Artigo_01/Codigos_Angelita_C_Tudo/Artigo_01/01_Sem_Release/03_Instancias_Geradas/01_Estruturadas/dados_trab_4_40_struc_08;estruturada;4;40;8;16753
/mnt/d/Codigos_Angelita_Artigo_01/Codigos_Angelita_C_Tudo/Artigo_01/01_Sem_Release/03_Instancias_Geradas/02_Nao_Estruturadas/dados_trab_4_40_nonstruc_08;nao_estruturada;4;40;8;58729
/mnt/d/Codigos_Angelita_Artigo_01/Codigos_Angelita_C_Tudo/Artigo_01/01_Sem_Release/03_Instancias_Geradas/01_Estruturadas/dados_trab_4_40_struc_09;estruturada;4;40;9;16754
/mnt/d/Codigos_Angelita_Artigo_01/Codigos_Angelita_C_Tudo/Artigo_01/01_Sem_Release/03_Instancias_Geradas/02_Nao_Estruturadas/dados_trab_4_40_nonstruc_09;nao_estruturada;4;40;9;58730
/mnt/d/Codigos_Angelita_Artigo_01/Codigos_Angelita_C_Tudo/Artigo_01/01_Sem_Release/03_Instancias_Geradas/01_Estruturadas/dados_trab_4_40_struc_10;estruturada;4;40;10;16755
/mnt/d/Codigos_Angelita_Artigo_01/Codigos_Angelita_C_Tudo/Artigo_01/01_Sem_Release/03_Instancias_Geradas/02_Nao_Estruturadas/dados_trab_4_40_nonstruc_10;nao_estruturada;4;40;10;58731
/mnt/d/Codigos_Angelita_Artigo_01/Codigos_Angelita_C_Tudo/Artigo_01/01_Sem_Release/03_Instancias_Geradas/01_Estruturadas/dados_trab_5_40_struc_01;estruturada;5;40;1;17746
/mnt/d/Codigos_Angelita_Artigo_01/Codigos_Angelita_C_Tudo/Artigo_01/01_Sem_Release/03_Instancias_Geradas/02_Nao_Estruturadas/dados_trab_5_40_nonstruc_01;nao_estruturada;5;40;1;59722
/mnt/d/Codigos_Angelita_Artigo_01/Codigos_Angelita_C_Tudo/Artigo_01/01_Sem_Release/03_Instancias_Geradas/01_Estruturadas/dados_trab_5_40_struc_02;estruturada;5;40;2;17747
/mnt/d/Codigos_Angelita_Artigo_01/Codigos_Angelita_C_Tudo/Artigo_01/01_Sem_Release/03_Instancias_Geradas/02_Nao_Estruturadas/dados_trab_5_40_nonstruc_02;nao_estruturada;5;40;2;59723
/mnt/d/Codigos_Angelita_Artigo_01/Codigos_Angelita_C_Tudo/Artigo_01/01_Sem_Release/03_Instancias_Geradas/01_Estruturadas/dados_trab_5_40_struc_03;estruturada;5;40;3;17748
/mnt/d/Codigos_Angelita_Artigo_01/Codigos_Angelita_C_Tudo/Artigo_01/01_Sem_Release/03_Instancias_Geradas/02_Nao_Estruturadas/dados_trab_5_40_nonstruc_03;nao_estruturada;5;40;3;59724
/mnt/d/Codigos_Angelita_Artigo_01/Codigos_Angelita_C_Tudo/Artigo_01/01_Sem_Release/03_Instancias_Geradas/01_Estruturadas/dados_trab_5_40_struc_04;estruturada;5;40;4;17749
/mnt/d/Codigos_Angelita_Artigo_01/Codigos_Angelita_C_Tudo/Artigo_01/01_Sem_Release/03_Instancias_Geradas/02_Nao_Estruturadas/dados_trab_5_40_nonstruc_04;nao_estruturada;5;40;4;59725
/mnt/d/Codigos_Angelita_Artigo_01/Codigos_Angelita_C_Tudo/Artigo_01/01_Sem_Release/03_Instancias_Geradas/01_Estruturadas/dados_trab_5_40_struc_05;estruturada;5;40;5;17750
/mnt/d/Codigos_Angelita_Artigo_01/Codigos_Angelita_C_Tudo/Artigo_01/01_Sem_Release/03_Instancias_Geradas/02_Nao_Estruturadas/dados_trab_5_40_nonstruc_05;nao_estruturada;5;40;5;59726
/mnt/d/Codigos_Angelita_Artigo_01/Codigos_Angelita_C_Tudo/Artigo_01/01_Sem_Release/03_Instancias_Geradas/01_Estruturadas/dados_trab_5_40_struc_06;estruturada;5;40;6;17751
/mnt/d/Codigos_Angelita_Artigo_01/Codigos_Angelita_C_Tudo/Artigo_01/01_Sem_Release/03_Instancias_Geradas/02_Nao_Estruturadas/dados_trab_5_40_nonstruc_06;nao_estruturada;5;40;6;59727
/mnt/d/Codigos_Angelita_Artigo_01/Codigos_Angelita_C_Tudo/Artigo_01/01_Sem_Release/03_Instancias_Geradas/01_Estruturadas/dados_trab_5_40_struc_07;estruturada;5;40;7;17752
/mnt/d/Codigos_Angelita_Artigo_01/Codigos_Angelita_C_Tudo/Artigo_01/01_Sem_Release/03_Instancias_Geradas/02_Nao_Estruturadas/dados_trab_5_40_nonstruc_07;nao_estruturada;5;40;7;59728
/mnt/d/Codigos_Angelita_Artigo_01/Codigos_Angelita_C_Tudo/Artigo_01/01_Sem_Release/03_Instancias_Geradas/01_Estruturadas/dados_trab_5_40_struc_08;estruturada;5;40;8;17753
/mnt/d/Codigos_Angelita_Artigo_01/Codigos_Angelita_C_Tudo/Artigo_01/01_Sem_Release/03_Instancias_Geradas/02_Nao_Estruturadas/dados_trab_5_40_nonstruc_08;nao_estruturada;5;40;8;59729
/mnt/d/Codigos_Angelita_Artigo_01/Codigos_Angelita_C_Tudo/Artigo_01/01_Sem_Release/03_Instancias_Geradas/01_Estruturadas/dados_trab_5_40_struc_09;estruturada;5;40;9;17754
/mnt/d/Codigos_Angelita_Artigo_01/Codigos_Angelita_C_Tudo/Artigo_01/01_Sem_Release/03_Instancias_Geradas/02_Nao_Estruturadas/dados_trab_5_40_nonstruc_09;nao_estruturada;5;40;9;59730
/mnt/d/Codigos_Angelita_Artigo_01/Codigos_Angelita_C_Tudo/Artigo_01/01_Sem_Release/03_Instancias_Geradas/01_Estruturadas/dados_trab_5_40_struc_10;estruturada;5;40;10;17755
/mnt/d/Codigos_Angelita_Artigo_01/Codigos_Angelita_C_Tudo/Artigo_01/01_Sem_Release/03_Instancias_Geradas/02_Nao_Estruturadas/dados_trab_5_40_nonstruc_10;nao_estruturada;5;40;10;59731
/mnt/d/Codigos_Angelita_Artigo_01/Codigos_Angelita_C_Tudo/Artigo_01/01_Sem_Release/03_Instancias_Geradas/01_Estruturadas/dados_trab_2_50_struc_01;estruturada;2;50;1;14846
/mnt/d/Codigos_Angelita_Artigo_01/Codigos_Angelita_C_Tudo/Artigo_01/01_Sem_Release/03_Instancias_Geradas/02_Nao_Estruturadas/dados_trab_2_50_nonstruc_01;nao_estruturada;2;50;1;56822
/mnt/d/Codigos_Angelita_Artigo_01/Codigos_Angelita_C_Tudo/Artigo_01/01_Sem_Release/03_Instancias_Geradas/01_Estruturadas/dados_trab_2_50_struc_02;estruturada;2;50;2;14847
/mnt/d/Codigos_Angelita_Artigo_01/Codigos_Angelita_C_Tudo/Artigo_01/01_Sem_Release/03_Instancias_Geradas/02_Nao_Estruturadas/dados_trab_2_50_nonstruc_02;nao_estruturada;2;50;2;56823
/mnt/d/Codigos_Angelita_Artigo_01/Codigos_Angelita_C_Tudo/Artigo_01/01_Sem_Release/03_Instancias_Geradas/01_Estruturadas/dados_trab_2_50_struc_03;estruturada;2;50;3;14848
/mnt/d/Codigos_Angelita_Artigo_01/Codigos_Angelita_C_Tudo/Artigo_01/01_Sem_Release/03_Instancias_Geradas/02_Nao_Estruturadas/dados_trab_2_50_nonstruc_03;nao_estruturada;2;50;3;56824
/mnt/d/Codigos_Angelita_Artigo_01/Codigos_Angelita_C_Tudo/Artigo_01/01_Sem_Release/03_Instancias_Geradas/01_Estruturadas/dados_trab_2_50_struc_04;estruturada;2;50;4;14849
/mnt/d/Codigos_Angelita_Artigo_01/Codigos_Angelita_C_Tudo/Artigo_01/01_Sem_Release/03_Instancias_Geradas/02_Nao_Estruturadas/dados_trab_2_50_nonstruc_04;nao_estruturada;2;50;4;56825
/mnt/d/Codigos_Angelita_Artigo_01/Codigos_Angelita_C_Tudo/Artigo_01/01_Sem_Release/03_Instancias_Geradas/01_Estruturadas/dados_trab_2_50_struc_05;estruturada;2;50;5;14850
/mnt/d/Codigos_Angelita_Artigo_01/Codigos_Angelita_C_Tudo/Artigo_01/01_Sem_Release/03_Instancias_Geradas/02_Nao_Estruturadas/dados_trab_2_50_nonstruc_05;nao_estruturada;2;50;5;56826
/mnt/d/Codigos_Angelita_Artigo_01/Codigos_Angelita_C_Tudo/Artigo_01/01_Sem_Release/03_Instancias_Geradas/01_Estruturadas/dados_trab_2_50_struc_06;estruturada;2;50;6;14851
/mnt/d/Codigos_Angelita_Artigo_01/Codigos_Angelita_C_Tudo/Artigo_01/01_Sem_Release/03_Instancias_Geradas/02_Nao_Estruturadas/dados_trab_2_50_nonstruc_06;nao_estruturada;2;50;6;56827
/mnt/d/Codigos_Angelita_Artigo_01/Codigos_Angelita_C_Tudo/Artigo_01/01_Sem_Release/03_Instancias_Geradas/01_Estruturadas/dados_trab_2_50_struc_07;estruturada;2;50;7;14852
/mnt/d/Codigos_Angelita_Artigo_01/Codigos_Angelita_C_Tudo/Artigo_01/01_Sem_Release/03_Instancias_Geradas/02_Nao_Estruturadas/dados_trab_2_50_nonstruc_07;nao_estruturada;2;50;7;56828
/mnt/d/Codigos_Angelita_Artigo_01/Codigos_Angelita_C_Tudo/Artigo_01/01_Sem_Release/03_Instancias_Geradas/01_Estruturadas/dados_trab_2_50_struc_08;estruturada;2;50;8;14853
/mnt/d/Codigos_Angelita_Artigo_01/Codigos_Angelita_C_Tudo/Artigo_01/01_Sem_Release/03_Instancias_Geradas/02_Nao_Estruturadas/dados_trab_2_50_nonstruc_08;nao_estruturada;2;50;8;56829
/mnt/d/Codigos_Angelita_Artigo_01/Codigos_Angelita_C_Tudo/Artigo_01/01_Sem_Release/03_Instancias_Geradas/01_Estruturadas/dados_trab_2_50_struc_09;estruturada;2;50;9;14854
/mnt/d/Codigos_Angelita_Artigo_01/Codigos_Angelita_C_Tudo/Artigo_01/01_Sem_Release/03_Instancias_Geradas/02_Nao_Estruturadas/dados_trab_2_50_nonstruc_09;nao_estruturada;2;50;9;56830
/mnt/d/Codigos_Angelita_Artigo_01/Codigos_Angelita_C_Tudo/Artigo_01/01_Sem_Release/03_Instancias_Geradas/01_Estruturadas/dados_trab_2_50_struc_10;estruturada;2;50;10;14855
/mnt/d/Codigos_Angelita_Artigo_01/Codigos_Angelita_C_Tudo/Artigo_01/01_Sem_Release/03_Instancias_Geradas/02_Nao_Estruturadas/dados_trab_2_50_nonstruc_10;nao_estruturada;2;50;10;56831
/mnt/d/Codigos_Angelita_Artigo_01/Codigos_Angelita_C_Tudo/Artigo_01/01_Sem_Release/03_Instancias_Geradas/01_Estruturadas/dados_trab_3_50_struc_01;estruturada;3;50;1;15846
/mnt/d/Codigos_Angelita_Artigo_01/Codigos_Angelita_C_Tudo/Artigo_01/01_Sem_Release/03_Instancias_Geradas/02_Nao_Estruturadas/dados_trab_3_50_nonstruc_01;nao_estruturada;3;50;1;57822
/mnt/d/Codigos_Angelita_Artigo_01/Codigos_Angelita_C_Tudo/Artigo_01/01_Sem_Release/03_Instancias_Geradas/01_Estruturadas/dados_trab_3_50_struc_02;estruturada;3;50;2;15847
/mnt/d/Codigos_Angelita_Artigo_01/Codigos_Angelita_C_Tudo/Artigo_01/01_Sem_Release/03_Instancias_Geradas/02_Nao_Estruturadas/dados_trab_3_50_nonstruc_02;nao_estruturada;3;50;2;57823
/mnt/d/Codigos_Angelita_Artigo_01/Codigos_Angelita_C_Tudo/Artigo_01/01_Sem_Release/03_Instancias_Geradas/01_Estruturadas/dados_trab_3_50_struc_03;estruturada;3;50;3;15848
/mnt/d/Codigos_Angelita_Artigo_01/Codigos_Angelita_C_Tudo/Artigo_01/01_Sem_Release/03_Instancias_Geradas/02_Nao_Estruturadas/dados_trab_3_50_nonstruc_03;nao_estruturada;3;50;3;57824
/mnt/d/Codigos_Angelita_Artigo_01/Codigos_Angelita_C_Tudo/Artigo_01/01_Sem_Release/03_Instancias_Geradas/01_Estruturadas/dados_trab_3_50_struc_04;estruturada;3;50;4;15849
/mnt/d/Codigos_Angelita_Artigo_01/Codigos_Angelita_C_Tudo/Artigo_01/01_Sem_Release/03_Instancias_Geradas/02_Nao_Estruturadas/dados_trab_3_50_nonstruc_04;nao_estruturada;3;50;4;57825
/mnt/d/Codigos_Angelita_Artigo_01/Codigos_Angelita_C_Tudo/Artigo_01/01_Sem_Release/03_Instancias_Geradas/01_Estruturadas/dados_trab_3_50_struc_05;estruturada;3;50;5;15850
/mnt/d/Codigos_Angelita_Artigo_01/Codigos_Angelita_C_Tudo/Artigo_01/01_Sem_Release/03_Instancias_Geradas/02_Nao_Estruturadas/dados_trab_3_50_nonstruc_05;nao_estruturada;3;50;5;57826
/mnt/d/Codigos_Angelita_Artigo_01/Codigos_Angelita_C_Tudo/Artigo_01/01_Sem_Release/03_Instancias_Geradas/01_Estruturadas/dados_trab_3_50_struc_06;estruturada;3;50;6;15851
/mnt/d/Codigos_Angelita_Artigo_01/Codigos_Angelita_C_Tudo/Artigo_01/01_Sem_Release/03_Instancias_Geradas/02_Nao_Estruturadas/dados_trab_3_50_nonstruc_06;nao_estruturada;3;50;6;57827
/mnt/d/Codigos_Angelita_Artigo_01/Codigos_Angelita_C_Tudo/Artigo_01/01_Sem_Release/03_Instancias_Geradas/01_Estruturadas/dados_trab_3_50_struc_07;estruturada;3;50;7;15852
/mnt/d/Codigos_Angelita_Artigo_01/Codigos_Angelita_C_Tudo/Artigo_01/01_Sem_Release/03_Instancias_Geradas/02_Nao_Estruturadas/dados_trab_3_50_nonstruc_07;nao_estruturada;3;50;7;57828
/mnt/d/Codigos_Angelita_Artigo_01/Codigos_Angelita_C_Tudo/Artigo_01/01_Sem_Release/03_Instancias_Geradas/01_Estruturadas/dados_trab_3_50_struc_08;estruturada;3;50;8;15853
/mnt/d/Codigos_Angelita_Artigo_01/Codigos_Angelita_C_Tudo/Artigo_01/01_Sem_Release/03_Instancias_Geradas/02_Nao_Estruturadas/dados_trab_3_50_nonstruc_08;nao_estruturada;3;50;8;57829
/mnt/d/Codigos_Angelita_Artigo_01/Codigos_Angelita_C_Tudo/Artigo_01/01_Sem_Release/03_Instancias_Geradas/01_Estruturadas/dados_trab_3_50_struc_09;estruturada;3;50;9;15854
/mnt/d/Codigos_Angelita_Artigo_01/Codigos_Angelita_C_Tudo/Artigo_01/01_Sem_Release/03_Instancias_Geradas/02_Nao_Estruturadas/dados_trab_3_50_nonstruc_09;nao_estruturada;3;50;9;57830
/mnt/d/Codigos_Angelita_Artigo_01/Codigos_Angelita_C_Tudo/Artigo_01/01_Sem_Release/03_Instancias_Geradas/01_Estruturadas/dados_trab_3_50_struc_10;estruturada;3;50;10;15855
/mnt/d/Codigos_Angelita_Artigo_01/Codigos_Angelita_C_Tudo/Artigo_01/01_Sem_Release/03_Instancias_Geradas/02_Nao_Estruturadas/dados_trab_3_50_nonstruc_10;nao_estruturada;3;50;10;57831
/mnt/d/Codigos_Angelita_Artigo_01/Codigos_Angelita_C_Tudo/Artigo_01/01_Sem_Release/03_Instancias_Geradas/01_Estruturadas/dados_trab_4_50_struc_01;estruturada;4;50;1;16846
/mnt/d/Codigos_Angelita_Artigo_01/Codigos_Angelita_C_Tudo/Artigo_01/01_Sem_Release/03_Instancias_Geradas/02_Nao_Estruturadas/dados_trab_4_50_nonstruc_01;nao_estruturada;4;50;1;58822
/mnt/d/Codigos_Angelita_Artigo_01/Codigos_Angelita_C_Tudo/Artigo_01/01_Sem_Release/03_Instancias_Geradas/01_Estruturadas/dados_trab_4_50_struc_02;estruturada;4;50;2;16847
/mnt/d/Codigos_Angelita_Artigo_01/Codigos_Angelita_C_Tudo/Artigo_01/01_Sem_Release/03_Instancias_Geradas/02_Nao_Estruturadas/dados_trab_4_50_nonstruc_02;nao_estruturada;4;50;2;58823
/mnt/d/Codigos_Angelita_Artigo_01/Codigos_Angelita_C_Tudo/Artigo_01/01_Sem_Release/03_Instancias_Geradas/01_Estruturadas/dados_trab_4_50_struc_03;estruturada;4;50;3;16848
/mnt/d/Codigos_Angelita_Artigo_01/Codigos_Angelita_C_Tudo/Artigo_01/01_Sem_Release/03_Instancias_Geradas/02_Nao_Estruturadas/dados_trab_4_50_nonstruc_03;nao_estruturada;4;50;3;58824
/mnt/d/Codigos_Angelita_Artigo_01/Codigos_Angelita_C_Tudo/Artigo_01/01_Sem_Release/03_Instancias_Geradas/01_Estruturadas/dados_trab_4_50_struc_04;estruturada;4;50;4;16849
/mnt/d/Codigos_Angelita_Artigo_01/Codigos_Angelita_C_Tudo/Artigo_01/01_Sem_Release/03_Instancias_Geradas/02_Nao_Estruturadas/dados_trab_4_50_nonstruc_04;nao_estruturada;4;50;4;58825
/mnt/d/Codigos_Angelita_Artigo_01/Codigos_Angelita_C_Tudo/Artigo_01/01_Sem_Release/03_Instancias_Geradas/01_Estruturadas/dados_trab_4_50_struc_05;estruturada;4;50;5;16850
/mnt/d/Codigos_Angelita_Artigo_01/Codigos_Angelita_C_Tudo/Artigo_01/01_Sem_Release/03_Instancias_Geradas/02_Nao_Estruturadas/dados_trab_4_50_nonstruc_05;nao_estruturada;4;50;5;58826
/mnt/d/Codigos_Angelita_Artigo_01/Codigos_Angelita_C_Tudo/Artigo_01/01_Sem_Release/03_Instancias_Geradas/01_Estruturadas/dados_trab_4_50_struc_06;estruturada;4;50;6;16851
/mnt/d/Codigos_Angelita_Artigo_01/Codigos_Angelita_C_Tudo/Artigo_01/01_Sem_Release/03_Instancias_Geradas/02_Nao_Estruturadas/dados_trab_4_50_nonstruc_06;nao_estruturada;4;50;6;58827
/mnt/d/Codigos_Angelita_Artigo_01/Codigos_Angelita_C_Tudo/Artigo_01/01_Sem_Release/03_Instancias_Geradas/01_Estruturadas/dados_trab_4_50_struc_07;estruturada;4;50;7;16852
/mnt/d/Codigos_Angelita_Artigo_01/Codigos_Angelita_C_Tudo/Artigo_01/01_Sem_Release/03_Instancias_Geradas/02_Nao_Estruturadas/dados_trab_4_50_nonstruc_07;nao_estruturada;4;50;7;58828
/mnt/d/Codigos_Angelita_Artigo_01/Codigos_Angelita_C_Tudo/Artigo_01/01_Sem_Release/03_Instancias_Geradas/01_Estruturadas/dados_trab_4_50_struc_08;estruturada;4;50;8;16853
/mnt/d/Codigos_Angelita_Artigo_01/Codigos_Angelita_C_Tudo/Artigo_01/01_Sem_Release/03_Instancias_Geradas/02_Nao_Estruturadas/dados_trab_4_50_nonstruc_08;nao_estruturada;4;50;8;58829
/mnt/d/Codigos_Angelita_Artigo_01/Codigos_Angelita_C_Tudo/Artigo_01/01_Sem_Release/03_Instancias_Geradas/01_Estruturadas/dados_trab_4_50_struc_09;estruturada;4;50;9;16854
/mnt/d/Codigos_Angelita_Artigo_01/Codigos_Angelita_C_Tudo/Artigo_01/01_Sem_Release/03_Instancias_Geradas/02_Nao_Estruturadas/dados_trab_4_50_nonstruc_09;nao_estruturada;4;50;9;58830
/mnt/d/Codigos_Angelita_Artigo_01/Codigos_Angelita_C_Tudo/Artigo_01/01_Sem_Release/03_Instancias_Geradas/01_Estruturadas/dados_trab_4_50_struc_10;estruturada;4;50;10;16855
/mnt/d/Codigos_Angelita_Artigo_01/Codigos_Angelita_C_Tudo/Artigo_01/01_Sem_Release/03_Instancias_Geradas/02_Nao_Estruturadas/dados_trab_4_50_nonstruc_10;nao_estruturada;4;50;10;58831
/mnt/d/Codigos_Angelita_Artigo_01/Codigos_Angelita_C_Tudo/Artigo_01/01_Sem_Release/03_Instancias_Geradas/01_Estruturadas/dados_trab_5_50_struc_01;estruturada;5;50;1;17846
/mnt/d/Codigos_Angelita_Artigo_01/Codigos_Angelita_C_Tudo/Artigo_01/01_Sem_Release/03_Instancias_Geradas/02_Nao_Estruturadas/dados_trab_5_50_nonstruc_01;nao_estruturada;5;50;1;59822
/mnt/d/Codigos_Angelita_Artigo_01/Codigos_Angelita_C_Tudo/Artigo_01/01_Sem_Release/03_Instancias_Geradas/01_Estruturadas/dados_trab_5_50_struc_02;estruturada;5;50;2;17847
/mnt/d/Codigos_Angelita_Artigo_01/Codigos_Angelita_C_Tudo/Artigo_01/01_Sem_Release/03_Instancias_Geradas/02_Nao_Estruturadas/dados_trab_5_50_nonstruc_02;nao_estruturada;5;50;2;59823
/mnt/d/Codigos_Angelita_Artigo_01/Codigos_Angelita_C_Tudo/Artigo_01/01_Sem_Release/03_Instancias_Geradas/01_Estruturadas/dados_trab_5_50_struc_03;estruturada;5;50;3;17848
/mnt/d/Codigos_Angelita_Artigo_01/Codigos_Angelita_C_Tudo/Artigo_01/01_Sem_Release/03_Instancias_Geradas/02_Nao_Estruturadas/dados_trab_5_50_nonstruc_03;nao_estruturada;5;50;3;59824
/mnt/d/Codigos_Angelita_Artigo_01/Codigos_Angelita_C_Tudo/Artigo_01/01_Sem_Release/03_Instancias_Geradas/01_Estruturadas/dados_trab_5_50_struc_04;estruturada;5;50;4;17849
/mnt/d/Codigos_Angelita_Artigo_01/Codigos_Angelita_C_Tudo/Artigo_01/01_Sem_Release/03_Instancias_Geradas/02_Nao_Estruturadas/dados_trab_5_50_nonstruc_04;nao_estruturada;5;50;4;59825
/mnt/d/Codigos_Angelita_Artigo_01/Codigos_Angelita_C_Tudo/Artigo_01/01_Sem_Release/03_Instancias_Geradas/01_Estruturadas/dados_trab_5_50_struc_05;estruturada;5;50;5;17850
/mnt/d/Codigos_Angelita_Artigo_01/Codigos_Angelita_C_Tudo/Artigo_01/01_Sem_Release/03_Instancias_Geradas/02_Nao_Estruturadas/dados_trab_5_50_nonstruc_05;nao_estruturada;5;50;5;59826
/mnt/d/Codigos_Angelita_Artigo_01/Codigos_Angelita_C_Tudo/Artigo_01/01_Sem_Release/03_Instancias_Geradas/01_Estruturadas/dados_trab_5_50_struc_06;estruturada;5;50;6;17851
/mnt/d/Codigos_Angelita_Artigo_01/Codigos_Angelita_C_Tudo/Artigo_01/01_Sem_Release/03_Instancias_Geradas/02_Nao_Estruturadas/dados_trab_5_50_nonstruc_06;nao_estruturada;5;50;6;59827
/mnt/d/Codigos_Angelita_Artigo_01/Codigos_Angelita_C_Tudo/Artigo_01/01_Sem_Release/03_Instancias_Geradas/01_Estruturadas/dados_trab_5_50_struc_07;estruturada;5;50;7;17852
/mnt/d/Codigos_Angelita_Artigo_01/Codigos_Angelita_C_Tudo/Artigo_01/01_Sem_Release/03_Instancias_Geradas/02_Nao_Estruturadas/dados_trab_5_50_nonstruc_07;nao_estruturada;5;50;7;59828
/mnt/d/Codigos_Angelita_Artigo_01/Codigos_Angelita_C_Tudo/Artigo_01/01_Sem_Release/03_Instancias_Geradas/01_Estruturadas/dados_trab_5_50_struc_08;estruturada;5;50;8;17853
/mnt/d/Codigos_Angelita_Artigo_01/Codigos_Angelita_C_Tudo/Artigo_01/01_Sem_Release/03_Instancias_Geradas/02_Nao_Estruturadas/dados_trab_5_50_nonstruc_08;nao_estruturada;5;50;8;59829
/mnt/d/Codigos_Angelita_Artigo_01/Codigos_Angelita_C_Tudo/Artigo_01/01_Sem_Release/03_Instancias_Geradas/01_Estruturadas/dados_trab_5_50_struc_09;estruturada;5;50;9;17854
/mnt/d/Codigos_Angelita_Artigo_01/Codigos_Angelita_C_Tudo/Artigo_01/01_Sem_Release/03_Instancias_Geradas/02_Nao_Estruturadas/dados_trab_5_50_nonstruc_09;nao_estruturada;5;50;9;59830
/mnt/d/Codigos_Angelita_Artigo_01/Codigos_Angelita_C_Tudo/Artigo_01/01_Sem_Release/03_Instancias_Geradas/01_Estruturadas/dados_trab_5_50_struc_10;estruturada;5;50;10;17855
/mnt/d/Codigos_Angelita_Artigo_01/Codigos_Angelita_C_Tudo/Artigo_01/01_Sem_Release/03_Instancias_Geradas/02_Nao_Estruturadas/dados_trab_5_50_nonstruc_10;nao_estruturada;5;50;10;59831
