base;tipo;m;n;instancia;cmax_referencia;arquivo_saida;regra
dados_trab_2_20_nonstruc_01;nonstruc;2;20;1;650;/mnt/d/Codigos_Angelita_Artigo_01/Codigos_Angelita_C_Tudo/Artigo_01/02_Com_Release_Facil/03_Instancias_Geradas/02_Nao_Estruturadas/dados_trab_2_20_nonstruc_release_facil_01;r_j = instante de referencia do schedule sem release
dados_trab_2_20_nonstruc_02;nonstruc;2;20;2;763;/mnt/d/Codigos_Angelita_Artigo_01/Codigos_Angelita_C_Tudo/Artigo_01/02_Com_Release_Facil/03_Instancias_Geradas/02_Nao_Estruturadas/dados_trab_2_20_nonstruc_release_facil_02;r_j = instante de referencia do schedule sem release
dados_trab_2_20_nonstruc_03;nonstruc;2;20;3;613;/mnt/d/Codigos_Angelita_Artigo_01/Codigos_Angelita_C_Tudo/Artigo_01/02_Com_Release_Facil/03_Instancias_Geradas/02_Nao_Estruturadas/dados_trab_2_20_nonstruc_release_facil_03;r_j = instante de referencia do schedule sem release
dados_trab_2_20_nonstruc_04;nonstruc;2;20;4;672;/mnt/d/Codigos_Angelita_Artigo_01/Codigos_Angelita_C_Tudo/Artigo_01/02_Com_Release_Facil/03_Instancias_Geradas/02_Nao_Estruturadas/dados_trab_2_20_nonstruc_release_facil_04;r_j = instante de referencia do schedule sem release
dados_trab_2_20_nonstruc_05;nonstruc;2;20;5;542;/mnt/d/Codigos_Angelita_Artigo_01/Codigos_Angelita_C_Tudo/Artigo_01/02_Com_Release_Facil/03_Instancias_Geradas/02_Nao_Estruturadas/dados_trab_2_20_nonstruc_release_facil_05;r_j = instante de referencia do schedule sem release
dados_trab_2_20_nonstruc_06;nonstruc;2;20;6;529;/mnt/d/Codigos_Angelita_Artigo_01/Codigos_Angelita_C_Tudo/Artigo_01/02_Com_Release_Facil/03_Instancias_Geradas/02_Nao_Estruturadas/dados_trab_2_20_nonstruc_release_facil_06;r_j = instante de referencia do schedule sem release
dados_trab_2_20_nonstruc_07;nonstruc;2;20;7;815;/mnt/d/Codigos_Angelita_Artigo_01/Codigos_Angelita_C_Tudo/Artigo_01/02_Com_Release_Facil/03_Instancias_Geradas/02_Nao_Estruturadas/dados_trab_2_20_nonstruc_release_facil_07;r_j = instante de referencia do schedule sem release
dados_trab_2_20_nonstruc_08;nonstruc;2;20;8;607;/mnt/d/Codigos_Angelita_Artigo_01/Codigos_Angelita_C_Tudo/Artigo_01/02_Com_Release_Facil/03_Instancias_Geradas/02_Nao_Estruturadas/dados_trab_2_20_nonstruc_release_facil_08;r_j = instante de referencia do schedule sem release
dados_trab_2_20_nonstruc_09;nonstruc;2;20;9;699;/mnt/d/Codigos_Angelita_Artigo_01/Codigos_Angelita_C_Tudo/Artigo_01/02_Com_Release_Facil/03_Instancias_Geradas/02_Nao_Estruturadas/dados_trab_2_20_nonstruc_release_facil_09;r_j = instante de referencia do schedule sem release
dados_trab_2_20_nonstruc_10;nonstruc;2;20;10;693;/mnt/d/Codigos_Angelita_Artigo_01/Codigos_Angelita_C_Tudo/Artigo_01/02_Com_Release_Facil/03_Instancias_Geradas/02_Nao_Estruturadas/dados_trab_2_20_nonstruc_release_facil_10;r_j = instante de referencia do schedule sem release
dados_trab_2_20_struc_01;struc;2;20;1;732;/mnt/d/Codigos_Angelita_Artigo_01/Codigos_Angelita_C_Tudo/Artigo_01/02_Com_Release_Facil/03_Instancias_Geradas/01_Estruturadas/dados_trab_2_20_struc_release_facil_01;r_j = instante de referencia do schedule sem release
dados_trab_2_20_struc_02;struc;2;20;2;691;/mnt/d/Codigos_Angelita_Artigo_01/Codigos_Angelita_C_Tudo/Artigo_01/02_Com_Release_Facil/03_Instancias_Geradas/01_Estruturadas/dados_trab_2_20_struc_release_facil_02;r_j = instante de referencia do schedule sem release
dados_trab_2_20_struc_03;struc;2;20;3;622;/mnt/d/Codigos_Angelita_Artigo_01/Codigos_Angelita_C_Tudo/Artigo_01/02_Com_Release_Facil/03_Instancias_Geradas/01_Estruturadas/dados_trab_2_20_struc_release_facil_03;r_j = instante de referencia do schedule sem release
dados_trab_2_20_struc_04;struc;2;20;4;769;/mnt/d/Codigos_Angelita_Artigo_01/Codigos_Angelita_C_Tudo/Artigo_01/02_Com_Release_Facil/03_Instancias_Geradas/01_Estruturadas/dados_trab_2_20_struc_release_facil_04;r_j = instante de referencia do schedule sem release
dados_trab_2_20_struc_05;struc;2;20;5;688;/mnt/d/Codigos_Angelita_Artigo_01/Codigos_Angelita_C_Tudo/Artigo_01/02_Com_Release_Facil/03_Instancias_Geradas/01_Estruturadas/dados_trab_2_20_struc_release_facil_05;r_j = instante de referencia do schedule sem release
dados_trab_2_20_struc_06;struc;2;20;6;681;/mnt/d/Codigos_Angelita_Artigo_01/Codigos_Angelita_C_Tudo/Artigo_01/02_Com_Release_Facil/03_Instancias_Geradas/01_Estruturadas/dados_trab_2_20_struc_release_facil_06;r_j = instante de referencia do schedule sem release
dados_trab_2_20_struc_07;struc;2;20;7;634;/mnt/d/Codigos_Angelita_Artigo_01/Codigos_Angelita_C_Tudo/Artigo_01/02_Com_Release_Facil/03_Instancias_Geradas/01_Estruturadas/dados_trab_2_20_struc_release_facil_07;r_j = instante de referencia do schedule sem release
dados_trab_2_20_struc_08;struc;2;20;8;708;/mnt/d/Codigos_Angelita_Artigo_01/Codigos_Angelita_C_Tudo/Artigo_01/02_Com_Release_Facil/03_Instancias_Geradas/01_Estruturadas/dados_trab_2_20_struc_release_facil_08;r_j = instante de referencia do schedule sem release
dados_trab_2_20_struc_09;struc;2;20;9;749;/mnt/d/Codigos_Angelita_Artigo_01/Codigos_Angelita_C_Tudo/Artigo_01/02_Com_Release_Facil/03_Instancias_Geradas/01_Estruturadas/dados_trab_2_20_struc_release_facil_09;r_j = instante de referencia do schedule sem release
dados_trab_2_20_struc_10;struc;2;20;10;696;/mnt/d/Codigos_Angelita_Artigo_01/Codigos_Angelita_C_Tudo/Artigo_01/02_Com_Release_Facil/03_Instancias_Geradas/01_Estruturadas/dados_trab_2_20_struc_release_facil_10;r_j = instante de referencia do schedule sem release
dados_trab_2_30_nonstruc_01;nonstruc;2;30;1;883;/mnt/d/Codigos_Angelita_Artigo_01/Codigos_Angelita_C_Tudo/Artigo_01/02_Com_Release_Facil/03_Instancias_Geradas/02_Nao_Estruturadas/dados_trab_2_30_nonstruc_release_facil_01;r_j = instante de referencia do schedule sem release
dados_trab_2_30_nonstruc_02;nonstruc;2;30;2;802;/mnt/d/Codigos_Angelita_Artigo_01/Codigos_Angelita_C_Tudo/Artigo_01/02_Com_Release_Facil/03_Instancias_Geradas/02_Nao_Estruturadas/dados_trab_2_30_nonstruc_release_facil_02;r_j = instante de referencia do schedule sem release
dados_trab_2_30_nonstruc_03;nonstruc;2;30;3;809;/mnt/d/Codigos_Angelita_Artigo_01/Codigos_Angelita_C_Tudo/Artigo_01/02_Com_Release_Facil/03_Instancias_Geradas/02_Nao_Estruturadas/dados_trab_2_30_nonstruc_release_facil_03;r_j = instante de referencia do schedule sem release
dados_trab_2_30_nonstruc_04;nonstruc;2;30;4;947;/mnt/d/Codigos_Angelita_Artigo_01/Codigos_Angelita_C_Tudo/Artigo_01/02_Com_Release_Facil/03_Instancias_Geradas/02_Nao_Estruturadas/dados_trab_2_30_nonstruc_release_facil_04;r_j = instante de referencia do schedule sem release
dados_trab_2_30_nonstruc_05;nonstruc;2;30;5;885;/mnt/d/Codigos_Angelita_Artigo_01/Codigos_Angelita_C_Tudo/Artigo_01/02_Com_Release_Facil/03_Instancias_Geradas/02_Nao_Estruturadas/dados_trab_2_30_nonstruc_release_facil_05;r_j = instante de referencia do schedule sem release
dados_trab_2_30_nonstruc_06;nonstruc;2;30;6;821;/mnt/d/Codigos_Angelita_Artigo_01/Codigos_Angelita_C_Tudo/Artigo_01/02_Com_Release_Facil/03_Instancias_Geradas/02_Nao_Estruturadas/dados_trab_2_30_nonstruc_release_facil_06;r_j = instante de referencia do schedule sem release
dados_trab_2_30_nonstruc_07;nonstruc;2;30;7;1082;/mnt/d/Codigos_Angelita_Artigo_01/Codigos_Angelita_C_Tudo/Artigo_01/02_Com_Release_Facil/03_Instancias_Geradas/02_Nao_Estruturadas/dados_trab_2_30_nonstruc_release_facil_07;r_j = instante de referencia do schedule sem release
dados_trab_2_30_nonstruc_08;nonstruc;2;30;8;978;/mnt/d/Codigos_Angelita_Artigo_01/Codigos_Angelita_C_Tudo/Artigo_01/02_Com_Release_Facil/03_Instancias_Geradas/02_Nao_Estruturadas/dados_trab_2_30_nonstruc_release_facil_08;r_j = instante de referencia do schedule sem release
dados_trab_2_30_nonstruc_09;nonstruc;2;30;9;952;/mnt/d/Codigos_Angelita_Artigo_01/Codigos_Angelita_C_Tudo/Artigo_01/02_Com_Release_Facil/03_Instancias_Geradas/02_Nao_Estruturadas/dados_trab_2_30_nonstruc_release_facil_09;r_j = instante de referencia do schedule sem release
dados_trab_2_30_nonstruc_10;nonstruc;2;30;10;824;/mnt/d/Codigos_Angelita_Artigo_01/Codigos_Angelita_C_Tudo/Artigo_01/02_Com_Release_Facil/03_Instancias_Geradas/02_Nao_Estruturadas/dados_trab_2_30_nonstruc_release_facil_10;r_j = instante de referencia do schedule sem release
dados_trab_2_30_struc_01;struc;2;30;1;1158;/mnt/d/Codigos_Angelita_Artigo_01/Codigos_Angelita_C_Tudo/Artigo_01/02_Com_Release_Facil/03_Instancias_Geradas/01_Estruturadas/dados_trab_2_30_struc_release_facil_01;r_j = instante de referencia do schedule sem release
dados_trab_2_30_struc_02;struc;2;30;2;882;/mnt/d/Codigos_Angelita_Artigo_01/Codigos_Angelita_C_Tudo/Artigo_01/02_Com_Release_Facil/03_Instancias_Geradas/01_Estruturadas/dados_trab_2_30_struc_release_facil_02;r_j = instante de referencia do schedule sem release
dados_trab_2_30_struc_03;struc;2;30;3;1015;/mnt/d/Codigos_Angelita_Artigo_01/Codigos_Angelita_C_Tudo/Artigo_01/02_Com_Release_Facil/03_Instancias_Geradas/01_Estruturadas/dados_trab_2_30_struc_release_facil_03;r_j = instante de referencia do schedule sem release
dados_trab_2_30_struc_04;struc;2;30;4;945;/mnt/d/Codigos_Angelita_Artigo_01/Codigos_Angelita_C_Tudo/Artigo_01/02_Com_Release_Facil/03_Instancias_Geradas/01_Estruturadas/dados_trab_2_30_struc_release_facil_04;r_j = instante de referencia do schedule sem release
dados_trab_2_30_struc_05;struc;2;30;5;970;/mnt/d/Codigos_Angelita_Artigo_01/Codigos_Angelita_C_Tudo/Artigo_01/02_Com_Release_Facil/03_Instancias_Geradas/01_Estruturadas/dados_trab_2_30_struc_release_facil_05;r_j = instante de referencia do schedule sem release
dados_trab_2_30_struc_06;struc;2;30;6;1142;/mnt/d/Codigos_Angelita_Artigo_01/Codigos_Angelita_C_Tudo/Artigo_01/02_Com_Release_Facil/03_Instancias_Geradas/01_Estruturadas/dados_trab_2_30_struc_release_facil_06;r_j = instante de referencia do schedule sem release
dados_trab_2_30_struc_07;struc;2;30;7;777;/mnt/d/Codigos_Angelita_Artigo_01/Codigos_Angelita_C_Tudo/Artigo_01/02_Com_Release_Facil/03_Instancias_Geradas/01_Estruturadas/dados_trab_2_30_struc_release_facil_07;r_j = instante de referencia do schedule sem release
dados_trab_2_30_struc_08;struc;2;30;8;955;/mnt/d/Codigos_Angelita_Artigo_01/Codigos_Angelita_C_Tudo/Artigo_01/02_Com_Release_Facil/03_Instancias_Geradas/01_Estruturadas/dados_trab_2_30_struc_release_facil_08;r_j = instante de referencia do schedule sem release
dados_trab_2_30_struc_09;struc;2;30;9;970;/mnt/d/Codigos_Angelita_Artigo_01/Codigos_Angelita_C_Tudo/Artigo_01/02_Com_Release_Facil/03_Instancias_Geradas/01_Estruturadas/dados_trab_2_30_struc_release_facil_09;r_j = instante de referencia do schedule sem release
dados_trab_2_30_struc_10;struc;2;30;10;1014;/mnt/d/Codigos_Angelita_Artigo_01/Codigos_Angelita_C_Tudo/Artigo_01/02_Com_Release_Facil/03_Instancias_Geradas/01_Estruturadas/dados_trab_2_30_struc_release_facil_10;r_j = instante de referencia do schedule sem release
dados_trab_2_40_nonstruc_01;nonstruc;2;40;1;1371;/mnt/d/Codigos_Angelita_Artigo_01/Codigos_Angelita_C_Tudo/Artigo_01/02_Com_Release_Facil/03_Instancias_Geradas/02_Nao_Estruturadas/dados_trab_2_40_nonstruc_release_facil_01;r_j = instante de referencia do schedule sem release
dados_trab_2_40_nonstruc_02;nonstruc;2;40;2;1159;/mnt/d/Codigos_Angelita_Artigo_01/Codigos_Angelita_C_Tudo/Artigo_01/02_Com_Release_Facil/03_Instancias_Geradas/02_Nao_Estruturadas/dados_trab_2_40_nonstruc_release_facil_02;r_j = instante de referencia do schedule sem release
dados_trab_2_40_nonstruc_03;nonstruc;2;40;3;1287;/mnt/d/Codigos_Angelita_Artigo_01/Codigos_Angelita_C_Tudo/Artigo_01/02_Com_Release_Facil/03_Instancias_Geradas/02_Nao_Estruturadas/dados_trab_2_40_nonstruc_release_facil_03;r_j = instante de referencia do schedule sem release
dados_trab_2_40_nonstruc_04;nonstruc;2;40;4;1040;/mnt/d/Codigos_Angelita_Artigo_01/Codigos_Angelita_C_Tudo/Artigo_01/02_Com_Release_Facil/03_Instancias_Geradas/02_Nao_Estruturadas/dados_trab_2_40_nonstruc_release_facil_04;r_j = instante de referencia do schedule sem release
dados_trab_2_40_nonstruc_05;nonstruc;2;40;5;878;/mnt/d/Codigos_Angelita_Artigo_01/Codigos_Angelita_C_Tudo/Artigo_01/02_Com_Release_Facil/03_Instancias_Geradas/02_Nao_Estruturadas/dados_trab_2_40_nonstruc_release_facil_05;r_j = instante de referencia do schedule sem release
dados_trab_2_40_nonstruc_06;nonstruc;2;40;6;1186;/mnt/d/Codigos_Angelita_Artigo_01/Codigos_Angelita_C_Tudo/Artigo_01/02_Com_Release_Facil/03_Instancias_Geradas/02_Nao_Estruturadas/dados_trab_2_40_nonstruc_release_facil_06;r_j = instante de referencia do schedule sem release
dados_trab_2_40_nonstruc_07;nonstruc;2;40;7;1163;/mnt/d/Codigos_Angelita_Artigo_01/Codigos_Angelita_C_Tudo/Artigo_01/02_Com_Release_Facil/03_Instancias_Geradas/02_Nao_Estruturadas/dados_trab_2_40_nonstruc_release_facil_07;r_j = instante de referencia do schedule sem release
dados_trab_2_40_nonstruc_08;nonstruc;2;40;8;1084;/mnt/d/Codigos_Angelita_Artigo_01/Codigos_Angelita_C_Tudo/Artigo_01/02_Com_Release_Facil/03_Instancias_Geradas/02_Nao_Estruturadas/dados_trab_2_40_nonstruc_release_facil_08;r_j = instante de referencia do schedule sem release
dados_trab_2_40_nonstruc_09;nonstruc;2;40;9;1146;/mnt/d/Codigos_Angelita_Artigo_01/Codigos_Angelita_C_Tudo/Artigo_01/02_Com_Release_Facil/03_Instancias_Geradas/02_Nao_Estruturadas/dados_trab_2_40_nonstruc_release_facil_09;r_j = instante de referencia do schedule sem release
dados_trab_2_40_nonstruc_10;nonstruc;2;40;10;1072;/mnt/d/Codigos_Angelita_Artigo_01/Codigos_Angelita_C_Tudo/Artigo_01/02_Com_Release_Facil/03_Instancias_Geradas/02_Nao_Estruturadas/dados_trab_2_40_nonstruc_release_facil_10;r_j = instante de referencia do schedule sem release
dados_trab_2_40_struc_01;struc;2;40;1;1163;/mnt/d/Codigos_Angelita_Artigo_01/Codigos_Angelita_C_Tudo/Artigo_01/02_Com_Release_Facil/03_Instancias_Geradas/01_Estruturadas/dados_trab_2_40_struc_release_facil_01;r_j = instante de referencia do schedule sem release
dados_trab_2_40_struc_02;struc;2;40;2;1282;/mnt/d/Codigos_Angelita_Artigo_01/Codigos_Angelita_C_Tudo/Artigo_01/02_Com_Release_Facil/03_Instancias_Geradas/01_Estruturadas/dados_trab_2_40_struc_release_facil_02;r_j = instante de referencia do schedule sem release
dados_trab_2_40_struc_03;struc;2;40;3;1381;/mnt/d/Codigos_Angelita_Artigo_01/Codigos_Angelita_C_Tudo/Artigo_01/02_Com_Release_Facil/03_Instancias_Geradas/01_Estruturadas/dados_trab_2_40_struc_release_facil_03;r_j = instante de referencia do schedule sem release
dados_trab_2_40_struc_04;struc;2;40;4;1384;/mnt/d/Codigos_Angelita_Artigo_01/Codigos_Angelita_C_Tudo/Artigo_01/02_Com_Release_Facil/03_Instancias_Geradas/01_Estruturadas/dados_trab_2_40_struc_release_facil_04;r_j = instante de referencia do schedule sem release
dados_trab_2_40_struc_05;struc;2;40;5;1357;/mnt/d/Codigos_Angelita_Artigo_01/Codigos_Angelita_C_Tudo/Artigo_01/02_Com_Release_Facil/03_Instancias_Geradas/01_Estruturadas/dados_trab_2_40_struc_release_facil_05;r_j = instante de referencia do schedule sem release
dados_trab_2_40_struc_06;struc;2;40;6;1298;/mnt/d/Codigos_Angelita_Artigo_01/Codigos_Angelita_C_Tudo/Artigo_01/02_Com_Release_Facil/03_Instancias_Geradas/01_Estruturadas/dados_trab_2_40_struc_release_facil_06;r_j = instante de referencia do schedule sem release
dados_trab_2_40_struc_07;struc;2;40;7;1320;/mnt/d/Codigos_Angelita_Artigo_01/Codigos_Angelita_C_Tudo/Artigo_01/02_Com_Release_Facil/03_Instancias_Geradas/01_Estruturadas/dados_trab_2_40_struc_release_facil_07;r_j = instante de referencia do schedule sem release
dados_trab_2_40_struc_08;struc;2;40;8;1293;/mnt/d/Codigos_Angelita_Artigo_01/Codigos_Angelita_C_Tudo/Artigo_01/02_Com_Release_Facil/03_Instancias_Geradas/01_Estruturadas/dados_trab_2_40_struc_release_facil_08;r_j = instante de referencia do schedule sem release
dados_trab_2_40_struc_09;struc;2;40;9;1218;/mnt/d/Codigos_Angelita_Artigo_01/Codigos_Angelita_C_Tudo/Artigo_01/02_Com_Release_Facil/03_Instancias_Geradas/01_Estruturadas/dados_trab_2_40_struc_release_facil_09;r_j = instante de referencia do schedule sem release
dados_trab_2_40_struc_10;struc;2;40;10;1291;/mnt/d/Codigos_Angelita_Artigo_01/Codigos_Angelita_C_Tudo/Artigo_01/02_Com_Release_Facil/03_Instancias_Geradas/01_Estruturadas/dados_trab_2_40_struc_release_facil_10;r_j = instante de referencia do schedule sem release
dados_trab_2_50_nonstruc_01;nonstruc;2;50;1;1371;/mnt/d/Codigos_Angelita_Artigo_01/Codigos_Angelita_C_Tudo/Artigo_01/02_Com_Release_Facil/03_Instancias_Geradas/02_Nao_Estruturadas/dados_trab_2_50_nonstruc_release_facil_01;r_j = instante de referencia do schedule sem release
dados_trab_2_50_nonstruc_02;nonstruc;2;50;2;1567;/mnt/d/Codigos_Angelita_Artigo_01/Codigos_Angelita_C_Tudo/Artigo_01/02_Com_Release_Facil/03_Instancias_Geradas/02_Nao_Estruturadas/dados_trab_2_50_nonstruc_release_facil_02;r_j = instante de referencia do schedule sem release
dados_trab_2_50_nonstruc_03;nonstruc;2;50;3;1453;/mnt/d/Codigos_Angelita_Artigo_01/Codigos_Angelita_C_Tudo/Artigo_01/02_Com_Release_Facil/03_Instancias_Geradas/02_Nao_Estruturadas/dados_trab_2_50_nonstruc_release_facil_03;r_j = instante de referencia do schedule sem release
dados_trab_2_50_nonstruc_04;nonstruc;2;50;4;1290;/mnt/d/Codigos_Angelita_Artigo_01/Codigos_Angelita_C_Tudo/Artigo_01/02_Com_Release_Facil/03_Instancias_Geradas/02_Nao_Estruturadas/dados_trab_2_50_nonstruc_release_facil_04;r_j = instante de referencia do schedule sem release
dados_trab_2_50_nonstruc_05;nonstruc;2;50;5;1305;/mnt/d/Codigos_Angelita_Artigo_01/Codigos_Angelita_C_Tudo/Artigo_01/02_Com_Release_Facil/03_Instancias_Geradas/02_Nao_Estruturadas/dados_trab_2_50_nonstruc_release_facil_05;r_j = instante de referencia do schedule sem release
dados_trab_2_50_nonstruc_06;nonstruc;2;50;6;1340;/mnt/d/Codigos_Angelita_Artigo_01/Codigos_Angelita_C_Tudo/Artigo_01/02_Com_Release_Facil/03_Instancias_Geradas/02_Nao_Estruturadas/dados_trab_2_50_nonstruc_release_facil_06;r_j = instante de referencia do schedule sem release
dados_trab_2_50_nonstruc_07;nonstruc;2;50;7;1471;/mnt/d/Codigos_Angelita_Artigo_01/Codigos_Angelita_C_Tudo/Artigo_01/02_Com_Release_Facil/03_Instancias_Geradas/02_Nao_Estruturadas/dados_trab_2_50_nonstruc_release_facil_07;r_j = instante de referencia do schedule sem release
dados_trab_2_50_nonstruc_08;nonstruc;2;50;8;1476;/mnt/d/Codigos_Angelita_Artigo_01/Codigos_Angelita_C_Tudo/Artigo_01/02_Com_Release_Facil/03_Instancias_Geradas/02_Nao_Estruturadas/dados_trab_2_50_nonstruc_release_facil_08;r_j = instante de referencia do schedule sem release
dados_trab_2_50_nonstruc_09;nonstruc;2;50;9;1338;/mnt/d/Codigos_Angelita_Artigo_01/Codigos_Angelita_C_Tudo/Artigo_01/02_Com_Release_Facil/03_Instancias_Geradas/02_Nao_Estruturadas/dados_trab_2_50_nonstruc_release_facil_09;r_j = instante de referencia do schedule sem release
dados_trab_2_50_nonstruc_10;nonstruc;2;50;10;1350;/mnt/d/Codigos_Angelita_Artigo_01/Codigos_Angelita_C_Tudo/Artigo_01/02_Com_Release_Facil/03_Instancias_Geradas/02_Nao_Estruturadas/dados_trab_2_50_nonstruc_release_facil_10;r_j = instante de referencia do schedule sem release
dados_trab_2_50_struc_01;struc;2;50;1;1565;/mnt/d/Codigos_Angelita_Artigo_01/Codigos_Angelita_C_Tudo/Artigo_01/02_Com_Release_Facil/03_Instancias_Geradas/01_Estruturadas/dados_trab_2_50_struc_release_facil_01;r_j = instante de referencia do schedule sem release
dados_trab_2_50_struc_02;struc;2;50;2;1747;/mnt/d/Codigos_Angelita_Artigo_01/Codigos_Angelita_C_Tudo/Artigo_01/02_Com_Release_Facil/03_Instancias_Geradas/01_Estruturadas/dados_trab_2_50_struc_release_facil_02;r_j = instante de referencia do schedule sem release
dados_trab_2_50_struc_03;struc;2;50;3;1620;/mnt/d/Codigos_Angelita_Artigo_01/Codigos_Angelita_C_Tudo/Artigo_01/02_Com_Release_Facil/03_Instancias_Geradas/01_Estruturadas/dados_trab_2_50_struc_release_facil_03;r_j = instante de referencia do schedule sem release
dados_trab_2_50_struc_04;struc;2;50;4;1550;/mnt/d/Codigos_Angelita_Artigo_01/Codigos_Angelita_C_Tudo/Artigo_01/02_Com_Release_Facil/03_Instancias_Geradas/01_Estruturadas/dados_trab_2_50_struc_release_facil_04;r_j = instante de referencia do schedule sem release
dados_trab_2_50_struc_05;struc;2;50;5;1567;/mnt/d/Codigos_Angelita_Artigo_01/Codigos_Angelita_C_Tudo/Artigo_01/02_Com_Release_Facil/03_Instancias_Geradas/01_Estruturadas/dados_trab_2_50_struc_release_facil_05;r_j = instante de referencia do schedule sem release
dados_trab_2_50_struc_06;struc;2;50;6;1585;/mnt/d/Codigos_Angelita_Artigo_01/Codigos_Angelita_C_Tudo/Artigo_01/02_Com_Release_Facil/03_Instancias_Geradas/01_Estruturadas/dados_trab_2_50_struc_release_facil_06;r_j = instante de referencia do schedule sem release
dados_trab_2_50_struc_07;struc;2;50;7;1463;/mnt/d/Codigos_Angelita_Artigo_01/Codigos_Angelita_C_Tudo/Artigo_01/02_Com_Release_Facil/03_Instancias_Geradas/01_Estruturadas/dados_trab_2_50_struc_release_facil_07;r_j = instante de referencia do schedule sem release
dados_trab_2_50_struc_08;struc;2;50;8;1469;/mnt/d/Codigos_Angelita_Artigo_01/Codigos_Angelita_C_Tudo/Artigo_01/02_Com_Release_Facil/03_Instancias_Geradas/01_Estruturadas/dados_trab_2_50_struc_release_facil_08;r_j = instante de referencia do schedule sem release
dados_trab_2_50_struc_09;struc;2;50;9;1673;/mnt/d/Codigos_Angelita_Artigo_01/Codigos_Angelita_C_Tudo/Artigo_01/02_Com_Release_Facil/03_Instancias_Geradas/01_Estruturadas/dados_trab_2_50_struc_release_facil_09;r_j = instante de referencia do schedule sem release
dados_trab_2_50_struc_10;struc;2;50;10;1775;/mnt/d/Codigos_Angelita_Artigo_01/Codigos_Angelita_C_Tudo/Artigo_01/02_Com_Release_Facil/03_Instancias_Geradas/01_Estruturadas/dados_trab_2_50_struc_release_facil_10;r_j = instante de referencia do schedule sem release
dados_trab_3_20_nonstruc_01;nonstruc;3;20;1;474;/mnt/d/Codigos_Angelita_Artigo_01/Codigos_Angelita_C_Tudo/Artigo_01/02_Com_Release_Facil/03_Instancias_Geradas/02_Nao_Estruturadas/dados_trab_3_20_nonstruc_release_facil_01;r_j = instante de referencia do schedule sem release
dados_trab_3_20_nonstruc_02;nonstruc;3;20;2;456;/mnt/d/Codigos_Angelita_Artigo_01/Codigos_Angelita_C_Tudo/Artigo_01/02_Com_Release_Facil/03_Instancias_Geradas/02_Nao_Estruturadas/dados_trab_3_20_nonstruc_release_facil_02;r_j = instante de referencia do schedule sem release
dados_trab_3_20_nonstruc_03;nonstruc;3;20;3;409;/mnt/d/Codigos_Angelita_Artigo_01/Codigos_Angelita_C_Tudo/Artigo_01/02_Com_Release_Facil/03_Instancias_Geradas/02_Nao_Estruturadas/dados_trab_3_20_nonstruc_release_facil_03;r_j = instante de referencia do schedule sem release
dados_trab_3_20_nonstruc_04;nonstruc;3;20;4;434;/mnt/d/Codigos_Angelita_Artigo_01/Codigos_Angelita_C_Tudo/Artigo_01/02_Com_Release_Facil/03_Instancias_Geradas/02_Nao_Estruturadas/dados_trab_3_20_nonstruc_release_facil_04;r_j = instante de referencia do schedule sem release
dados_trab_3_20_nonstruc_05;nonstruc;3;20;5;473;/mnt/d/Codigos_Angelita_Artigo_01/Codigos_Angelita_C_Tudo/Artigo_01/02_Com_Release_Facil/03_Instancias_Geradas/02_Nao_Estruturadas/dados_trab_3_20_nonstruc_release_facil_05;r_j = instante de referencia do schedule sem release
dados_trab_3_20_nonstruc_06;nonstruc;3;20;6;488;/mnt/d/Codigos_Angelita_Artigo_01/Codigos_Angelita_C_Tudo/Artigo_01/02_Com_Release_Facil/03_Instancias_Geradas/02_Nao_Estruturadas/dados_trab_3_20_nonstruc_release_facil_06;r_j = instante de referencia do schedule sem release
dados_trab_3_20_nonstruc_07;nonstruc;3;20;7;468;/mnt/d/Codigos_Angelita_Artigo_01/Codigos_Angelita_C_Tudo/Artigo_01/02_Com_Release_Facil/03_Instancias_Geradas/02_Nao_Estruturadas/dados_trab_3_20_nonstruc_release_facil_07;r_j = instante de referencia do schedule sem release
dados_trab_3_20_nonstruc_08;nonstruc;3;20;8;400;/mnt/d/Codigos_Angelita_Artigo_01/Codigos_Angelita_C_Tudo/Artigo_01/02_Com_Release_Facil/03_Instancias_Geradas/02_Nao_Estruturadas/dados_trab_3_20_nonstruc_release_facil_08;r_j = instante de referencia do schedule sem release
dados_trab_3_20_nonstruc_09;nonstruc;3;20;9;483;/mnt/d/Codigos_Angelita_Artigo_01/Codigos_Angelita_C_Tudo/Artigo_01/02_Com_Release_Facil/03_Instancias_Geradas/02_Nao_Estruturadas/dados_trab_3_20_nonstruc_release_facil_09;r_j = instante de referencia do schedule sem release
dados_trab_3_20_nonstruc_10;nonstruc;3;20;10;459;/mnt/d/Codigos_Angelita_Artigo_01/Codigos_Angelita_C_Tudo/Artigo_01/02_Com_Release_Facil/03_Instancias_Geradas/02_Nao_Estruturadas/dados_trab_3_20_nonstruc_release_facil_10;r_j = instante de referencia do schedule sem release
dados_trab_3_20_struc_01;struc;3;20;1;530;/mnt/d/Codigos_Angelita_Artigo_01/Codigos_Angelita_C_Tudo/Artigo_01/02_Com_Release_Facil/03_Instancias_Geradas/01_Estruturadas/dados_trab_3_20_struc_release_facil_01;r_j = instante de referencia do schedule sem release
dados_trab_3_20_struc_02;struc;3;20;2;446;/mnt/d/Codigos_Angelita_Artigo_01/Codigos_Angelita_C_Tudo/Artigo_01/02_Com_Release_Facil/03_Instancias_Geradas/01_Estruturadas/dados_trab_3_20_struc_release_facil_02;r_j = instante de referencia do schedule sem release
dados_trab_3_20_struc_03;struc;3;20;3;536;/mnt/d/Codigos_Angelita_Artigo_01/Codigos_Angelita_C_Tudo/Artigo_01/02_Com_Release_Facil/03_Instancias_Geradas/01_Estruturadas/dados_trab_3_20_struc_release_facil_03;r_j = instante de referencia do schedule sem release
dados_trab_3_20_struc_04;struc;3;20;4;484;/mnt/d/Codigos_Angelita_Artigo_01/Codigos_Angelita_C_Tudo/Artigo_01/02_Com_Release_Facil/03_Instancias_Geradas/01_Estruturadas/dados_trab_3_20_struc_release_facil_04;r_j = instante de referencia do schedule sem release
dados_trab_3_20_struc_05;struc;3;20;5;467;/mnt/d/Codigos_Angelita_Artigo_01/Codigos_Angelita_C_Tudo/Artigo_01/02_Com_Release_Facil/03_Instancias_Geradas/01_Estruturadas/dados_trab_3_20_struc_release_facil_05;r_j = instante de referencia do schedule sem release
dados_trab_3_20_struc_06;struc;3;20;6;575;/mnt/d/Codigos_Angelita_Artigo_01/Codigos_Angelita_C_Tudo/Artigo_01/02_Com_Release_Facil/03_Instancias_Geradas/01_Estruturadas/dados_trab_3_20_struc_release_facil_06;r_j = instante de referencia do schedule sem release
dados_trab_3_20_struc_07;struc;3;20;7;501;/mnt/d/Codigos_Angelita_Artigo_01/Codigos_Angelita_C_Tudo/Artigo_01/02_Com_Release_Facil/03_Instancias_Geradas/01_Estruturadas/dados_trab_3_20_struc_release_facil_07;r_j = instante de referencia do schedule sem release
dados_trab_3_20_struc_08;struc;3;20;8;522;/mnt/d/Codigos_Angelita_Artigo_01/Codigos_Angelita_C_Tudo/Artigo_01/02_Com_Release_Facil/03_Instancias_Geradas/01_Estruturadas/dados_trab_3_20_struc_release_facil_08;r_j = instante de referencia do schedule sem release
dados_trab_3_20_struc_09;struc;3;20;9;575;/mnt/d/Codigos_Angelita_Artigo_01/Codigos_Angelita_C_Tudo/Artigo_01/02_Com_Release_Facil/03_Instancias_Geradas/01_Estruturadas/dados_trab_3_20_struc_release_facil_09;r_j = instante de referencia do schedule sem release
dados_trab_3_20_struc_10;struc;3;20;10;429;/mnt/d/Codigos_Angelita_Artigo_01/Codigos_Angelita_C_Tudo/Artigo_01/02_Com_Release_Facil/03_Instancias_Geradas/01_Estruturadas/dados_trab_3_20_struc_release_facil_10;r_j = instante de referencia do schedule sem release
dados_trab_3_30_nonstruc_01;nonstruc;3;30;1;634;/mnt/d/Codigos_Angelita_Artigo_01/Codigos_Angelita_C_Tudo/Artigo_01/02_Com_Release_Facil/03_Instancias_Geradas/02_Nao_Estruturadas/dados_trab_3_30_nonstruc_release_facil_01;r_j = instante de referencia do schedule sem release
dados_trab_3_30_nonstruc_02;nonstruc;3;30;2;646;/mnt/d/Codigos_Angelita_Artigo_01/Codigos_Angelita_C_Tudo/Artigo_01/02_Com_Release_Facil/03_Instancias_Geradas/02_Nao_Estruturadas/dados_trab_3_30_nonstruc_release_facil_02;r_j = instante de referencia do schedule sem release
dados_trab_3_30_nonstruc_03;nonstruc;3;30;3;580;/mnt/d/Codigos_Angelita_Artigo_01/Codigos_Angelita_C_Tudo/Artigo_01/02_Com_Release_Facil/03_Instancias_Geradas/02_Nao_Estruturadas/dados_trab_3_30_nonstruc_release_facil_03;r_j = instante de referencia do schedule sem release
dados_trab_3_30_nonstruc_04;nonstruc;3;30;4;616;/mnt/d/Codigos_Angelita_Artigo_01/Codigos_Angelita_C_Tudo/Artigo_01/02_Com_Release_Facil/03_Instancias_Geradas/02_Nao_Estruturadas/dados_trab_3_30_nonstruc_release_facil_04;r_j = instante de referencia do schedule sem release
dados_trab_3_30_nonstruc_05;nonstruc;3;30;5;651;/mnt/d/Codigos_Angelita_Artigo_01/Codigos_Angelita_C_Tudo/Artigo_01/02_Com_Release_Facil/03_Instancias_Geradas/02_Nao_Estruturadas/dados_trab_3_30_nonstruc_release_facil_05;r_j = instante de referencia do schedule sem release
dados_trab_3_30_nonstruc_06;nonstruc;3;30;6;630;/mnt/d/Codigos_Angelita_Artigo_01/Codigos_Angelita_C_Tudo/Artigo_01/02_Com_Release_Facil/03_Instancias_Geradas/02_Nao_Estruturadas/dados_trab_3_30_nonstruc_release_facil_06;r_j = instante de referencia do schedule sem release
dados_trab_3_30_nonstruc_07;nonstruc;3;30;7;608;/mnt/d/Codigos_Angelita_Artigo_01/Codigos_Angelita_C_Tudo/Artigo_01/02_Com_Release_Facil/03_Instancias_Geradas/02_Nao_Estruturadas/dados_trab_3_30_nonstruc_release_facil_07;r_j = instante de referencia do schedule sem release
dados_trab_3_30_nonstruc_08;nonstruc;3;30;8;593;/mnt/d/Codigos_Angelita_Artigo_01/Codigos_Angelita_C_Tudo/Artigo_01/02_Com_Release_Facil/03_Instancias_Geradas/02_Nao_Estruturadas/dados_trab_3_30_nonstruc_release_facil_08;r_j = instante de referencia do schedule sem release
dados_trab_3_30_nonstruc_09;nonstruc;3;30;9;597;/mnt/d/Codigos_Angelita_Artigo_01/Codigos_Angelita_C_Tudo/Artigo_01/02_Com_Release_Facil/03_Instancias_Geradas/02_Nao_Estruturadas/dados_trab_3_30_nonstruc_release_facil_09;r_j = instante de referencia do schedule sem release
dados_trab_3_30_nonstruc_10;nonstruc;3;30;10;594;/mnt/d/Codigos_Angelita_Artigo_01/Codigos_Angelita_C_Tudo/Artigo_01/02_Com_Release_Facil/03_Instancias_Geradas/02_Nao_Estruturadas/dados_trab_3_30_nonstruc_release_facil_10;r_j = instante de referencia do schedule sem release
dados_trab_3_30_struc_01;struc;3;30;1;839;/mnt/d/Codigos_Angelita_Artigo_01/Codigos_Angelita_C_Tudo/Artigo_01/02_Com_Release_Facil/03_Instancias_Geradas/01_Estruturadas/dados_trab_3_30_struc_release_facil_01;r_j = instante de referencia do schedule sem release
dados_trab_3_30_struc_02;struc;3;30;2;605;/mnt/d/Codigos_Angelita_Artigo_01/Codigos_Angelita_C_Tudo/Artigo_01/02_Com_Release_Facil/03_Instancias_Geradas/01_Estruturadas/dados_trab_3_30_struc_release_facil_02;r_j = instante de referencia do schedule sem release
dados_trab_3_30_struc_03;struc;3;30;3;734;/mnt/d/Codigos_Angelita_Artigo_01/Codigos_Angelita_C_Tudo/Artigo_01/02_Com_Release_Facil/03_Instancias_Geradas/01_Estruturadas/dados_trab_3_30_struc_release_facil_03;r_j = instante de referencia do schedule sem release
dados_trab_3_30_struc_04;struc;3;30;4;659;/mnt/d/Codigos_Angelita_Artigo_01/Codigos_Angelita_C_Tudo/Artigo_01/02_Com_Release_Facil/03_Instancias_Geradas/01_Estruturadas/dados_trab_3_30_struc_release_facil_04;r_j = instante de referencia do schedule sem release
dados_trab_3_30_struc_05;struc;3;30;5;655;/mnt/d/Codigos_Angelita_Artigo_01/Codigos_Angelita_C_Tudo/Artigo_01/02_Com_Release_Facil/03_Instancias_Geradas/01_Estruturadas/dados_trab_3_30_struc_release_facil_05;r_j = instante de referencia do schedule sem release
dados_trab_3_30_struc_06;struc;3;30;6;631;/mnt/d/Codigos_Angelita_Artigo_01/Codigos_Angelita_C_Tudo/Artigo_01/02_Com_Release_Facil/03_Instancias_Geradas/01_Estruturadas/dados_trab_3_30_struc_release_facil_06;r_j = instante de referencia do schedule sem release
dados_trab_3_30_struc_07;struc;3;30;7;663;/mnt/d/Codigos_Angelita_Artigo_01/Codigos_Angelita_C_Tudo/Artigo_01/02_Com_Release_Facil/03_Instancias_Geradas/01_Estruturadas/dados_trab_3_30_struc_release_facil_07;r_j = instante de referencia do schedule sem release
dados_trab_3_30_struc_08;struc;3;30;8;653;/mnt/d/Codigos_Angelita_Artigo_01/Codigos_Angelita_C_Tudo/Artigo_01/02_Com_Release_Facil/03_Instancias_Geradas/01_Estruturadas/dados_trab_3_30_struc_release_facil_08;r_j = instante de referencia do schedule sem release
dados_trab_3_30_struc_09;struc;3;30;9;794;/mnt/d/Codigos_Angelita_Artigo_01/Codigos_Angelita_C_Tudo/Artigo_01/02_Com_Release_Facil/03_Instancias_Geradas/01_Estruturadas/dados_trab_3_30_struc_release_facil_09;r_j = instante de referencia do schedule sem release
dados_trab_3_30_struc_10;struc;3;30;10;704;/mnt/d/Codigos_Angelita_Artigo_01/Codigos_Angelita_C_Tudo/Artigo_01/02_Com_Release_Facil/03_Instancias_Geradas/01_Estruturadas/dados_trab_3_30_struc_release_facil_10;r_j = instante de referencia do schedule sem release
dados_trab_3_40_nonstruc_01;nonstruc;3;40;1;783;/mnt/d/Codigos_Angelita_Artigo_01/Codigos_Angelita_C_Tudo/Artigo_01/02_Com_Release_Facil/03_Instancias_Geradas/02_Nao_Estruturadas/dados_trab_3_40_nonstruc_release_facil_01;r_j = instante de referencia do schedule sem release
dados_trab_3_40_nonstruc_02;nonstruc;3;40;2;690;/mnt/d/Codigos_Angelita_Artigo_01/Codigos_Angelita_C_Tudo/Artigo_01/02_Com_Release_Facil/03_Instancias_Geradas/02_Nao_Estruturadas/dados_trab_3_40_nonstruc_release_facil_02;r_j = instante de referencia do schedule sem release
dados_trab_3_40_nonstruc_03;nonstruc;3;40;3;745;/mnt/d/Codigos_Angelita_Artigo_01/Codigos_Angelita_C_Tudo/Artigo_01/02_Com_Release_Facil/03_Instancias_Geradas/02_Nao_Estruturadas/dados_trab_3_40_nonstruc_release_facil_03;r_j = instante de referencia do schedule sem release
dados_trab_3_40_nonstruc_04;nonstruc;3;40;4;751;/mnt/d/Codigos_Angelita_Artigo_01/Codigos_Angelita_C_Tudo/Artigo_01/02_Com_Release_Facil/03_Instancias_Geradas/02_Nao_Estruturadas/dados_trab_3_40_nonstruc_release_facil_04;r_j = instante de referencia do schedule sem release
dados_trab_3_40_nonstruc_05;nonstruc;3;40;5;913;/mnt/d/Codigos_Angelita_Artigo_01/Codigos_Angelita_C_Tudo/Artigo_01/02_Com_Release_Facil/03_Instancias_Geradas/02_Nao_Estruturadas/dados_trab_3_40_nonstruc_release_facil_05;r_j = instante de referencia do schedule sem release
dados_trab_3_40_nonstruc_06;nonstruc;3;40;6;874;/mnt/d/Codigos_Angelita_Artigo_01/Codigos_Angelita_C_Tudo/Artigo_01/02_Com_Release_Facil/03_Instancias_Geradas/02_Nao_Estruturadas/dados_trab_3_40_nonstruc_release_facil_06;r_j = instante de referencia do schedule sem release
dados_trab_3_40_nonstruc_07;nonstruc;3;40;7;785;/mnt/d/Codigos_Angelita_Artigo_01/Codigos_Angelita_C_Tudo/Artigo_01/02_Com_Release_Facil/03_Instancias_Geradas/02_Nao_Estruturadas/dados_trab_3_40_nonstruc_release_facil_07;r_j = instante de referencia do schedule sem release
dados_trab_3_40_nonstruc_08;nonstruc;3;40;8;854;/mnt/d/Codigos_Angelita_Artigo_01/Codigos_Angelita_C_Tudo/Artigo_01/02_Com_Release_Facil/03_Instancias_Geradas/02_Nao_Estruturadas/dados_trab_3_40_nonstruc_release_facil_08;r_j = instante de referencia do schedule sem release
dados_trab_3_40_nonstruc_09;nonstruc;3;40;9;933;/mnt/d/Codigos_Angelita_Artigo_01/Codigos_Angelita_C_Tudo/Artigo_01/02_Com_Release_Facil/03_Instancias_Geradas/02_Nao_Estruturadas/dados_trab_3_40_nonstruc_release_facil_09;r_j = instante de referencia do schedule sem release
dados_trab_3_40_nonstruc_10;nonstruc;3;40;10;805;/mnt/d/Codigos_Angelita_Artigo_01/Codigos_Angelita_C_Tudo/Artigo_01/02_Com_Release_Facil/03_Instancias_Geradas/02_Nao_Estruturadas/dados_trab_3_40_nonstruc_release_facil_10;r_j = instante de referencia do schedule sem release
dados_trab_3_40_struc_01;struc;3;40;1;1026;/mnt/d/Codigos_Angelita_Artigo_01/Codigos_Angelita_C_Tudo/Artigo_01/02_Com_Release_Facil/03_Instancias_Geradas/01_Estruturadas/dados_trab_3_40_struc_release_facil_01;r_j = instante de referencia do schedule sem release
dados_trab_3_40_struc_02;struc;3;40;2;1035;/mnt/d/Codigos_Angelita_Artigo_01/Codigos_Angelita_C_Tudo/Artigo_01/02_Com_Release_Facil/03_Instancias_Geradas/01_Estruturadas/dados_trab_3_40_struc_release_facil_02;r_j = instante de referencia do schedule sem release
dados_trab_3_40_struc_03;struc;3;40;3;881;/mnt/d/Codigos_Angelita_Artigo_01/Codigos_Angelita_C_Tudo/Artigo_01/02_Com_Release_Facil/03_Instancias_Geradas/01_Estruturadas/dados_trab_3_40_struc_release_facil_03;r_j = instante de referencia do schedule sem release
dados_trab_3_40_struc_04;struc;3;40;4;866;/mnt/d/Codigos_Angelita_Artigo_01/Codigos_Angelita_C_Tudo/Artigo_01/02_Com_Release_Facil/03_Instancias_Geradas/01_Estruturadas/dados_trab_3_40_struc_release_facil_04;r_j = instante de referencia do schedule sem release
dados_trab_3_40_struc_05;struc;3;40;5;831;/mnt/d/Codigos_Angelita_Artigo_01/Codigos_Angelita_C_Tudo/Artigo_01/02_Com_Release_Facil/03_Instancias_Geradas/01_Estruturadas/dados_trab_3_40_struc_release_facil_05;r_j = instante de referencia do schedule sem release
dados_trab_3_40_struc_06;struc;3;40;6;934;/mnt/d/Codigos_Angelita_Artigo_01/Codigos_Angelita_C_Tudo/Artigo_01/02_Com_Release_Facil/03_Instancias_Geradas/01_Estruturadas/dados_trab_3_40_struc_release_facil_06;r_j = instante de referencia do schedule sem release
dados_trab_3_40_struc_07;struc;3;40;7;937;/mnt/d/Codigos_Angelita_Artigo_01/Codigos_Angelita_C_Tudo/Artigo_01/02_Com_Release_Facil/03_Instancias_Geradas/01_Estruturadas/dados_trab_3_40_struc_release_facil_07;r_j = instante de referencia do schedule sem release
dados_trab_3_40_struc_08;struc;3;40;8;908;/mnt/d/Codigos_Angelita_Artigo_01/Codigos_Angelita_C_Tudo/Artigo_01/02_Com_Release_Facil/03_Instancias_Geradas/01_Estruturadas/dados_trab_3_40_struc_release_facil_08;r_j = instante de referencia do schedule sem release
dados_trab_3_40_struc_09;struc;3;40;9;861;/mnt/d/Codigos_Angelita_Artigo_01/Codigos_Angelita_C_Tudo/Artigo_01/02_Com_Release_Facil/03_Instancias_Geradas/01_Estruturadas/dados_trab_3_40_struc_release_facil_09;r_j = instante de referencia do schedule sem release
dados_trab_3_40_struc_10;struc;3;40;10;868;/mnt/d/Codigos_Angelita_Artigo_01/Codigos_Angelita_C_Tudo/Artigo_01/02_Com_Release_Facil/03_Instancias_Geradas/01_Estruturadas/dados_trab_3_40_struc_release_facil_10;r_j = instante de referencia do schedule sem release
dados_trab_3_50_nonstruc_01;nonstruc;3;50;1;848;/mnt/d/Codigos_Angelita_Artigo_01/Codigos_Angelita_C_Tudo/Artigo_01/02_Com_Release_Facil/03_Instancias_Geradas/02_Nao_Estruturadas/dados_trab_3_50_nonstruc_release_facil_01;r_j = instante de referencia do schedule sem release
dados_trab_3_50_nonstruc_02;nonstruc;3;50;2;985;/mnt/d/Codigos_Angelita_Artigo_01/Codigos_Angelita_C_Tudo/Artigo_01/02_Com_Release_Facil/03_Instancias_Geradas/02_Nao_Estruturadas/dados_trab_3_50_nonstruc_release_facil_02;r_j = instante de referencia do schedule sem release
dados_trab_3_50_nonstruc_03;nonstruc;3;50;3;1134;/mnt/d/Codigos_Angelita_Artigo_01/Codigos_Angelita_C_Tudo/Artigo_01/02_Com_Release_Facil/03_Instancias_Geradas/02_Nao_Estruturadas/dados_trab_3_50_nonstruc_release_facil_03;r_j = instante de referencia do schedule sem release
dados_trab_3_50_nonstruc_04;nonstruc;3;50;4;934;/mnt/d/Codigos_Angelita_Artigo_01/Codigos_Angelita_C_Tudo/Artigo_01/02_Com_Release_Facil/03_Instancias_Geradas/02_Nao_Estruturadas/dados_trab_3_50_nonstruc_release_facil_04;r_j = instante de referencia do schedule sem release
dados_trab_3_50_nonstruc_05;nonstruc;3;50;5;1019;/mnt/d/Codigos_Angelita_Artigo_01/Codigos_Angelita_C_Tudo/Artigo_01/02_Com_Release_Facil/03_Instancias_Geradas/02_Nao_Estruturadas/dados_trab_3_50_nonstruc_release_facil_05;r_j = instante de referencia do schedule sem release
dados_trab_3_50_nonstruc_06;nonstruc;3;50;6;926;/mnt/d/Codigos_Angelita_Artigo_01/Codigos_Angelita_C_Tudo/Artigo_01/02_Com_Release_Facil/03_Instancias_Geradas/02_Nao_Estruturadas/dados_trab_3_50_nonstruc_release_facil_06;r_j = instante de referencia do schedule sem release
dados_trab_3_50_nonstruc_07;nonstruc;3;50;7;1064;/mnt/d/Codigos_Angelita_Artigo_01/Codigos_Angelita_C_Tudo/Artigo_01/02_Com_Release_Facil/03_Instancias_Geradas/02_Nao_Estruturadas/dados_trab_3_50_nonstruc_release_facil_07;r_j = instante de referencia do schedule sem release
dados_trab_3_50_nonstruc_08;nonstruc;3;50;8;1056;/mnt/d/Codigos_Angelita_Artigo_01/Codigos_Angelita_C_Tudo/Artigo_01/02_Com_Release_Facil/03_Instancias_Geradas/02_Nao_Estruturadas/dados_trab_3_50_nonstruc_release_facil_08;r_j = instante de referencia do schedule sem release
dados_trab_3_50_nonstruc_09;nonstruc;3;50;9;887;/mnt/d/Codigos_Angelita_Artigo_01/Codigos_Angelita_C_Tudo/Artigo_01/02_Com_Release_Facil/03_Instancias_Geradas/02_Nao_Estruturadas/dados_trab_3_50_nonstruc_release_facil_09;r_j = instante de referencia do schedule sem release
dados_trab_3_50_nonstruc_10;nonstruc;3;50;10;1031;/mnt/d/Codigos_Angelita_Artigo_01/Codigos_Angelita_C_Tudo/Artigo_01/02_Com_Release_Facil/03_Instancias_Geradas/02_Nao_Estruturadas/dados_trab_3_50_nonstruc_release_facil_10;r_j = instante de referencia do schedule sem release
dados_trab_3_50_struc_01;struc;3;50;1;1155;/mnt/d/Codigos_Angelita_Artigo_01/Codigos_Angelita_C_Tudo/Artigo_01/02_Com_Release_Facil/03_Instancias_Geradas/01_Estruturadas/dados_trab_3_50_struc_release_facil_01;r_j = instante de referencia do schedule sem release
dados_trab_3_50_struc_02;struc;3;50;2;1084;/mnt/d/Codigos_Angelita_Artigo_01/Codigos_Angelita_C_Tudo/Artigo_01/02_Com_Release_Facil/03_Instancias_Geradas/01_Estruturadas/dados_trab_3_50_struc_release_facil_02;r_j = instante de referencia do schedule sem release
dados_trab_3_50_struc_03;struc;3;50;3;1052;/mnt/d/Codigos_Angelita_Artigo_01/Codigos_Angelita_C_Tudo/Artigo_01/02_Com_Release_Facil/03_Instancias_Geradas/01_Estruturadas/dados_trab_3_50_struc_release_facil_03;r_j = instante de referencia do schedule sem release
dados_trab_3_50_struc_04;struc;3;50;4;1087;/mnt/d/Codigos_Angelita_Artigo_01/Codigos_Angelita_C_Tudo/Artigo_01/02_Com_Release_Facil/03_Instancias_Geradas/01_Estruturadas/dados_trab_3_50_struc_release_facil_04;r_j = instante de referencia do schedule sem release
dados_trab_3_50_struc_05;struc;3;50;5;1124;/mnt/d/Codigos_Angelita_Artigo_01/Codigos_Angelita_C_Tudo/Artigo_01/02_Com_Release_Facil/03_Instancias_Geradas/01_Estruturadas/dados_trab_3_50_struc_release_facil_05;r_j = instante de referencia do schedule sem release
dados_trab_3_50_struc_06;struc;3;50;6;993;/mnt/d/Codigos_Angelita_Artigo_01/Codigos_Angelita_C_Tudo/Artigo_01/02_Com_Release_Facil/03_Instancias_Geradas/01_Estruturadas/dados_trab_3_50_struc_release_facil_06;r_j = instante de referencia do schedule sem release
dados_trab_3_50_struc_07;struc;3;50;7;925;/mnt/d/Codigos_Angelita_Artigo_01/Codigos_Angelita_C_Tudo/Artigo_01/02_Com_Release_Facil/03_Instancias_Geradas/01_Estruturadas/dados_trab_3_50_struc_release_facil_07;r_j = instante de referencia do schedule sem release
dados_trab_3_50_struc_08;struc;3;50;8;1218;/mnt/d/Codigos_Angelita_Artigo_01/Codigos_Angelita_C_Tudo/Artigo_01/02_Com_Release_Facil/03_Instancias_Geradas/01_Estruturadas/dados_trab_3_50_struc_release_facil_08;r_j = instante de referencia do schedule sem release
dados_trab_3_50_struc_09;struc;3;50;9;1178;/mnt/d/Codigos_Angelita_Artigo_01/Codigos_Angelita_C_Tudo/Artigo_01/02_Com_Release_Facil/03_Instancias_Geradas/01_Estruturadas/dados_trab_3_50_struc_release_facil_09;r_j = instante de referencia do schedule sem release
dados_trab_3_50_struc_10;struc;3;50;10;1052;/mnt/d/Codigos_Angelita_Artigo_01/Codigos_Angelita_C_Tudo/Artigo_01/02_Com_Release_Facil/03_Instancias_Geradas/01_Estruturadas/dados_trab_3_50_struc_release_facil_10;r_j = instante de referencia do schedule sem release
dados_trab_4_20_nonstruc_01;nonstruc;4;20;1;290;/mnt/d/Codigos_Angelita_Artigo_01/Codigos_Angelita_C_Tudo/Artigo_01/02_Com_Release_Facil/03_Instancias_Geradas/02_Nao_Estruturadas/dados_trab_4_20_nonstruc_release_facil_01;r_j = instante de referencia do schedule sem release
dados_trab_4_20_nonstruc_02;nonstruc;4;20;2;324;/mnt/d/Codigos_Angelita_Artigo_01/Codigos_Angelita_C_Tudo/Artigo_01/02_Com_Release_Facil/03_Instancias_Geradas/02_Nao_Estruturadas/dados_trab_4_20_nonstruc_release_facil_02;r_j = instante de referencia do schedule sem release
dados_trab_4_20_nonstruc_03;nonstruc;4;20;3;291;/mnt/d/Codigos_Angelita_Artigo_01/Codigos_Angelita_C_Tudo/Artigo_01/02_Com_Release_Facil/03_Instancias_Geradas/02_Nao_Estruturadas/dados_trab_4_20_nonstruc_release_facil_03;r_j = instante de referencia do schedule sem release
dados_trab_4_20_nonstruc_04;nonstruc;4;20;4;314;/mnt/d/Codigos_Angelita_Artigo_01/Codigos_Angelita_C_Tudo/Artigo_01/02_Com_Release_Facil/03_Instancias_Geradas/02_Nao_Estruturadas/dados_trab_4_20_nonstruc_release_facil_04;r_j = instante de referencia do schedule sem release
dados_trab_4_20_nonstruc_05;nonstruc;4;20;5;302;/mnt/d/Codigos_Angelita_Artigo_01/Codigos_Angelita_C_Tudo/Artigo_01/02_Com_Release_Facil/03_Instancias_Geradas/02_Nao_Estruturadas/dados_trab_4_20_nonstruc_release_facil_05;r_j = instante de referencia do schedule sem release
dados_trab_4_20_nonstruc_06;nonstruc;4;20;6;332;/mnt/d/Codigos_Angelita_Artigo_01/Codigos_Angelita_C_Tudo/Artigo_01/02_Com_Release_Facil/03_Instancias_Geradas/02_Nao_Estruturadas/dados_trab_4_20_nonstruc_release_facil_06;r_j = instante de referencia do schedule sem release
dados_trab_4_20_nonstruc_07;nonstruc;4;20;7;345;/mnt/d/Codigos_Angelita_Artigo_01/Codigos_Angelita_C_Tudo/Artigo_01/02_Com_Release_Facil/03_Instancias_Geradas/02_Nao_Estruturadas/dados_trab_4_20_nonstruc_release_facil_07;r_j = instante de referencia do schedule sem release
dados_trab_4_20_nonstruc_08;nonstruc;4;20;8;375;/mnt/d/Codigos_Angelita_Artigo_01/Codigos_Angelita_C_Tudo/Artigo_01/02_Com_Release_Facil/03_Instancias_Geradas/02_Nao_Estruturadas/dados_trab_4_20_nonstruc_release_facil_08;r_j = instante de referencia do schedule sem release
dados_trab_4_20_nonstruc_09;nonstruc;4;20;9;318;/mnt/d/Codigos_Angelita_Artigo_01/Codigos_Angelita_C_Tudo/Artigo_01/02_Com_Release_Facil/03_Instancias_Geradas/02_Nao_Estruturadas/dados_trab_4_20_nonstruc_release_facil_09;r_j = instante de referencia do schedule sem release
dados_trab_4_20_nonstruc_10;nonstruc;4;20;10;321;/mnt/d/Codigos_Angelita_Artigo_01/Codigos_Angelita_C_Tudo/Artigo_01/02_Com_Release_Facil/03_Instancias_Geradas/02_Nao_Estruturadas/dados_trab_4_20_nonstruc_release_facil_10;r_j = instante de referencia do schedule sem release
dados_trab_4_20_struc_01;struc;4;20;1;375;/mnt/d/Codigos_Angelita_Artigo_01/Codigos_Angelita_C_Tudo/Artigo_01/02_Com_Release_Facil/03_Instancias_Geradas/01_Estruturadas/dados_trab_4_20_struc_release_facil_01;r_j = instante de referencia do schedule sem release
dados_trab_4_20_struc_02;struc;4;20;2;357;/mnt/d/Codigos_Angelita_Artigo_01/Codigos_Angelita_C_Tudo/Artigo_01/02_Com_Release_Facil/03_Instancias_Geradas/01_Estruturadas/dados_trab_4_20_struc_release_facil_02;r_j = instante de referencia do schedule sem release
dados_trab_4_20_struc_03;struc;4;20;3;373;/mnt/d/Codigos_Angelita_Artigo_01/Codigos_Angelita_C_Tudo/Artigo_01/02_Com_Release_Facil/03_Instancias_Geradas/01_Estruturadas/dados_trab_4_20_struc_release_facil_03;r_j = instante de referencia do schedule sem release
dados_trab_4_20_struc_04;struc;4;20;4;438;/mnt/d/Codigos_Angelita_Artigo_01/Codigos_Angelita_C_Tudo/Artigo_01/02_Com_Release_Facil/03_Instancias_Geradas/01_Estruturadas/dados_trab_4_20_struc_release_facil_04;r_j = instante de referencia do schedule sem release
dados_trab_4_20_struc_05;struc;4;20;5;342;/mnt/d/Codigos_Angelita_Artigo_01/Codigos_Angelita_C_Tudo/Artigo_01/02_Com_Release_Facil/03_Instancias_Geradas/01_Estruturadas/dados_trab_4_20_struc_release_facil_05;r_j = instante de referencia do schedule sem release
dados_trab_4_20_struc_06;struc;4;20;6;386;/mnt/d/Codigos_Angelita_Artigo_01/Codigos_Angelita_C_Tudo/Artigo_01/02_Com_Release_Facil/03_Instancias_Geradas/01_Estruturadas/dados_trab_4_20_struc_release_facil_06;r_j = instante de referencia do schedule sem release
dados_trab_4_20_struc_07;struc;4;20;7;302;/mnt/d/Codigos_Angelita_Artigo_01/Codigos_Angelita_C_Tudo/Artigo_01/02_Com_Release_Facil/03_Instancias_Geradas/01_Estruturadas/dados_trab_4_20_struc_release_facil_07;r_j = instante de referencia do schedule sem release
dados_trab_4_20_struc_08;struc;4;20;8;416;/mnt/d/Codigos_Angelita_Artigo_01/Codigos_Angelita_C_Tudo/Artigo_01/02_Com_Release_Facil/03_Instancias_Geradas/01_Estruturadas/dados_trab_4_20_struc_release_facil_08;r_j = instante de referencia do schedule sem release
dados_trab_4_20_struc_09;struc;4;20;9;418;/mnt/d/Codigos_Angelita_Artigo_01/Codigos_Angelita_C_Tudo/Artigo_01/02_Com_Release_Facil/03_Instancias_Geradas/01_Estruturadas/dados_trab_4_20_struc_release_facil_09;r_j = instante de referencia do schedule sem release
dados_trab_4_20_struc_10;struc;4;20;10;326;/mnt/d/Codigos_Angelita_Artigo_01/Codigos_Angelita_C_Tudo/Artigo_01/02_Com_Release_Facil/03_Instancias_Geradas/01_Estruturadas/dados_trab_4_20_struc_release_facil_10;r_j = instante de referencia do schedule sem release
dados_trab_4_30_nonstruc_01;nonstruc;4;30;1;442;/mnt/d/Codigos_Angelita_Artigo_01/Codigos_Angelita_C_Tudo/Artigo_01/02_Com_Release_Facil/03_Instancias_Geradas/02_Nao_Estruturadas/dados_trab_4_30_nonstruc_release_facil_01;r_j = instante de referencia do schedule sem release
dados_trab_4_30_nonstruc_02;nonstruc;4;30;2;486;/mnt/d/Codigos_Angelita_Artigo_01/Codigos_Angelita_C_Tudo/Artigo_01/02_Com_Release_Facil/03_Instancias_Geradas/02_Nao_Estruturadas/dados_trab_4_30_nonstruc_release_facil_02;r_j = instante de referencia do schedule sem release
dados_trab_4_30_nonstruc_03;nonstruc;4;30;3;517;/mnt/d/Codigos_Angelita_Artigo_01/Codigos_Angelita_C_Tudo/Artigo_01/02_Com_Release_Facil/03_Instancias_Geradas/02_Nao_Estruturadas/dados_trab_4_30_nonstruc_release_facil_03;r_j = instante de referencia do schedule sem release
dados_trab_4_30_nonstruc_04;nonstruc;4;30;4;474;/mnt/d/Codigos_Angelita_Artigo_01/Codigos_Angelita_C_Tudo/Artigo_01/02_Com_Release_Facil/03_Instancias_Geradas/02_Nao_Estruturadas/dados_trab_4_30_nonstruc_release_facil_04;r_j = instante de referencia do schedule sem release
dados_trab_4_30_nonstruc_05;nonstruc;4;30;5;380;/mnt/d/Codigos_Angelita_Artigo_01/Codigos_Angelita_C_Tudo/Artigo_01/02_Com_Release_Facil/03_Instancias_Geradas/02_Nao_Estruturadas/dados_trab_4_30_nonstruc_release_facil_05;r_j = instante de referencia do schedule sem release
dados_trab_4_30_nonstruc_06;nonstruc;4;30;6;502;/mnt/d/Codigos_Angelita_Artigo_01/Codigos_Angelita_C_Tudo/Artigo_01/02_Com_Release_Facil/03_Instancias_Geradas/02_Nao_Estruturadas/dados_trab_4_30_nonstruc_release_facil_06;r_j = instante de referencia do schedule sem release
dados_trab_4_30_nonstruc_07;nonstruc;4;30;7;495;/mnt/d/Codigos_Angelita_Artigo_01/Codigos_Angelita_C_Tudo/Artigo_01/02_Com_Release_Facil/03_Instancias_Geradas/02_Nao_Estruturadas/dados_trab_4_30_nonstruc_release_facil_07;r_j = instante de referencia do schedule sem release
dados_trab_4_30_nonstruc_08;nonstruc;4;30;8;529;/mnt/d/Codigos_Angelita_Artigo_01/Codigos_Angelita_C_Tudo/Artigo_01/02_Com_Release_Facil/03_Instancias_Geradas/02_Nao_Estruturadas/dados_trab_4_30_nonstruc_release_facil_08;r_j = instante de referencia do schedule sem release
dados_trab_4_30_nonstruc_09;nonstruc;4;30;9;540;/mnt/d/Codigos_Angelita_Artigo_01/Codigos_Angelita_C_Tudo/Artigo_01/02_Com_Release_Facil/03_Instancias_Geradas/02_Nao_Estruturadas/dados_trab_4_30_nonstruc_release_facil_09;r_j = instante de referencia do schedule sem release
dados_trab_4_30_nonstruc_10;nonstruc;4;30;10;456;/mnt/d/Codigos_Angelita_Artigo_01/Codigos_Angelita_C_Tudo/Artigo_01/02_Com_Release_Facil/03_Instancias_Geradas/02_Nao_Estruturadas/dados_trab_4_30_nonstruc_release_facil_10;r_j = instante de referencia do schedule sem release
dados_trab_4_30_struc_01;struc;4;30;1;579;/mnt/d/Codigos_Angelita_Artigo_01/Codigos_Angelita_C_Tudo/Artigo_01/02_Com_Release_Facil/03_Instancias_Geradas/01_Estruturadas/dados_trab_4_30_struc_release_facil_01;r_j = instante de referencia do schedule sem release
dados_trab_4_30_struc_02;struc;4;30;2;602;/mnt/d/Codigos_Angelita_Artigo_01/Codigos_Angelita_C_Tudo/Artigo_01/02_Com_Release_Facil/03_Instancias_Geradas/01_Estruturadas/dados_trab_4_30_struc_release_facil_02;r_j = instante de referencia do schedule sem release
dados_trab_4_30_struc_03;struc;4;30;3;532;/mnt/d/Codigos_Angelita_Artigo_01/Codigos_Angelita_C_Tudo/Artigo_01/02_Com_Release_Facil/03_Instancias_Geradas/01_Estruturadas/dados_trab_4_30_struc_release_facil_03;r_j = instante de referencia do schedule sem release
dados_trab_4_30_struc_04;struc;4;30;4;560;/mnt/d/Codigos_Angelita_Artigo_01/Codigos_Angelita_C_Tudo/Artigo_01/02_Com_Release_Facil/03_Instancias_Geradas/01_Estruturadas/dados_trab_4_30_struc_release_facil_04;r_j = instante de referencia do schedule sem release
dados_trab_4_30_struc_05;struc;4;30;5;567;/mnt/d/Codigos_Angelita_Artigo_01/Codigos_Angelita_C_Tudo/Artigo_01/02_Com_Release_Facil/03_Instancias_Geradas/01_Estruturadas/dados_trab_4_30_struc_release_facil_05;r_j = instante de referencia do schedule sem release
dados_trab_4_30_struc_06;struc;4;30;6;614;/mnt/d/Codigos_Angelita_Artigo_01/Codigos_Angelita_C_Tudo/Artigo_01/02_Com_Release_Facil/03_Instancias_Geradas/01_Estruturadas/dados_trab_4_30_struc_release_facil_06;r_j = instante de referencia do schedule sem release
dados_trab_4_30_struc_07;struc;4;30;7;515;/mnt/d/Codigos_Angelita_Artigo_01/Codigos_Angelita_C_Tudo/Artigo_01/02_Com_Release_Facil/03_Instancias_Geradas/01_Estruturadas/dados_trab_4_30_struc_release_facil_07;r_j = instante de referencia do schedule sem release
dados_trab_4_30_struc_08;struc;4;30;8;484;/mnt/d/Codigos_Angelita_Artigo_01/Codigos_Angelita_C_Tudo/Artigo_01/02_Com_Release_Facil/03_Instancias_Geradas/01_Estruturadas/dados_trab_4_30_struc_release_facil_08;r_j = instante de referencia do schedule sem release
dados_trab_4_30_struc_09;struc;4;30;9;570;/mnt/d/Codigos_Angelita_Artigo_01/Codigos_Angelita_C_Tudo/Artigo_01/02_Com_Release_Facil/03_Instancias_Geradas/01_Estruturadas/dados_trab_4_30_struc_release_facil_09;r_j = instante de referencia do schedule sem release
dados_trab_4_30_struc_10;struc;4;30;10;525;/mnt/d/Codigos_Angelita_Artigo_01/Codigos_Angelita_C_Tudo/Artigo_01/02_Com_Release_Facil/03_Instancias_Geradas/01_Estruturadas/dados_trab_4_30_struc_release_facil_10;r_j = instante de referencia do schedule sem release
dados_trab_4_40_nonstruc_01;nonstruc;4;40;1;605;/mnt/d/Codigos_Angelita_Artigo_01/Codigos_Angelita_C_Tudo/Artigo_01/02_Com_Release_Facil/03_Instancias_Geradas/02_Nao_Estruturadas/dados_trab_4_40_nonstruc_release_facil_01;r_j = instante de referencia do schedule sem release
dados_trab_4_40_nonstruc_02;nonstruc;4;40;2;618;/mnt/d/Codigos_Angelita_Artigo_01/Codigos_Angelita_C_Tudo/Artigo_01/02_Com_Release_Facil/03_Instancias_Geradas/02_Nao_Estruturadas/dados_trab_4_40_nonstruc_release_facil_02;r_j = instante de referencia do schedule sem release
dados_trab_4_40_nonstruc_03;nonstruc;4;40;3;597;/mnt/d/Codigos_Angelita_Artigo_01/Codigos_Angelita_C_Tudo/Artigo_01/02_Com_Release_Facil/03_Instancias_Geradas/02_Nao_Estruturadas/dados_trab_4_40_nonstruc_release_facil_03;r_j = instante de referencia do schedule sem release
dados_trab_4_40_nonstruc_04;nonstruc;4;40;4;590;/mnt/d/Codigos_Angelita_Artigo_01/Codigos_Angelita_C_Tudo/Artigo_01/02_Com_Release_Facil/03_Instancias_Geradas/02_Nao_Estruturadas/dados_trab_4_40_nonstruc_release_facil_04;r_j = instante de referencia do schedule sem release
dados_trab_4_40_nonstruc_05;nonstruc;4;40;5;652;/mnt/d/Codigos_Angelita_Artigo_01/Codigos_Angelita_C_Tudo/Artigo_01/02_Com_Release_Facil/03_Instancias_Geradas/02_Nao_Estruturadas/dados_trab_4_40_nonstruc_release_facil_05;r_j = instante de referencia do schedule sem release
dados_trab_4_40_nonstruc_06;nonstruc;4;40;6;665;/mnt/d/Codigos_Angelita_Artigo_01/Codigos_Angelita_C_Tudo/Artigo_01/02_Com_Release_Facil/03_Instancias_Geradas/02_Nao_Estruturadas/dados_trab_4_40_nonstruc_release_facil_06;r_j = instante de referencia do schedule sem release
dados_trab_4_40_nonstruc_07;nonstruc;4;40;7;632;/mnt/d/Codigos_Angelita_Artigo_01/Codigos_Angelita_C_Tudo/Artigo_01/02_Com_Release_Facil/03_Instancias_Geradas/02_Nao_Estruturadas/dados_trab_4_40_nonstruc_release_facil_07;r_j = instante de referencia do schedule sem release
dados_trab_4_40_nonstruc_08;nonstruc;4;40;8;604;/mnt/d/Codigos_Angelita_Artigo_01/Codigos_Angelita_C_Tudo/Artigo_01/02_Com_Release_Facil/03_Instancias_Geradas/02_Nao_Estruturadas/dados_trab_4_40_nonstruc_release_facil_08;r_j = instante de referencia do schedule sem release
dados_trab_4_40_nonstruc_09;nonstruc;4;40;9;618;/mnt/d/Codigos_Angelita_Artigo_01/Codigos_Angelita_C_Tudo/Artigo_01/02_Com_Release_Facil/03_Instancias_Geradas/02_Nao_Estruturadas/dados_trab_4_40_nonstruc_release_facil_09;r_j = instante de referencia do schedule sem release
dados_trab_4_40_nonstruc_10;nonstruc;4;40;10;587;/mnt/d/Codigos_Angelita_Artigo_01/Codigos_Angelita_C_Tudo/Artigo_01/02_Com_Release_Facil/03_Instancias_Geradas/02_Nao_Estruturadas/dados_trab_4_40_nonstruc_release_facil_10;r_j = instante de referencia do schedule sem release
dados_trab_4_40_struc_01;struc;4;40;1;648;/mnt/d/Codigos_Angelita_Artigo_01/Codigos_Angelita_C_Tudo/Artigo_01/02_Com_Release_Facil/03_Instancias_Geradas/01_Estruturadas/dados_trab_4_40_struc_release_facil_01;r_j = instante de referencia do schedule sem release
dados_trab_4_40_struc_02;struc;4;40;2;671;/mnt/d/Codigos_Angelita_Artigo_01/Codigos_Angelita_C_Tudo/Artigo_01/02_Com_Release_Facil/03_Instancias_Geradas/01_Estruturadas/dados_trab_4_40_struc_release_facil_02;r_j = instante de referencia do schedule sem release
dados_trab_4_40_struc_03;struc;4;40;3;665;/mnt/d/Codigos_Angelita_Artigo_01/Codigos_Angelita_C_Tudo/Artigo_01/02_Com_Release_Facil/03_Instancias_Geradas/01_Estruturadas/dados_trab_4_40_struc_release_facil_03;r_j = instante de referencia do schedule sem release
dados_trab_4_40_struc_04;struc;4;40;4;716;/mnt/d/Codigos_Angelita_Artigo_01/Codigos_Angelita_C_Tudo/Artigo_01/02_Com_Release_Facil/03_Instancias_Geradas/01_Estruturadas/dados_trab_4_40_struc_release_facil_04;r_j = instante de referencia do schedule sem release
dados_trab_4_40_struc_05;struc;4;40;5;699;/mnt/d/Codigos_Angelita_Artigo_01/Codigos_Angelita_C_Tudo/Artigo_01/02_Com_Release_Facil/03_Instancias_Geradas/01_Estruturadas/dados_trab_4_40_struc_release_facil_05;r_j = instante de referencia do schedule sem release
dados_trab_4_40_struc_06;struc;4;40;6;654;/mnt/d/Codigos_Angelita_Artigo_01/Codigos_Angelita_C_Tudo/Artigo_01/02_Com_Release_Facil/03_Instancias_Geradas/01_Estruturadas/dados_trab_4_40_struc_release_facil_06;r_j = instante de referencia do schedule sem release
dados_trab_4_40_struc_07;struc;4;40;7;712;/mnt/d/Codigos_Angelita_Artigo_01/Codigos_Angelita_C_Tudo/Artigo_01/02_Com_Release_Facil/03_Instancias_Geradas/01_Estruturadas/dados_trab_4_40_struc_release_facil_07;r_j = instante de referencia do schedule sem release
dados_trab_4_40_struc_08;struc;4;40;8;753;/mnt/d/Codigos_Angelita_Artigo_01/Codigos_Angelita_C_Tudo/Artigo_01/02_Com_Release_Facil/03_Instancias_Geradas/01_Estruturadas/dados_trab_4_40_struc_release_facil_08;r_j = instante de referencia do schedule sem release
dados_trab_4_40_struc_09;struc;4;40;9;757;/mnt/d/Codigos_Angelita_Artigo_01/Codigos_Angelita_C_Tudo/Artigo_01/02_Com_Release_Facil/03_Instancias_Geradas/01_Estruturadas/dados_trab_4_40_struc_release_facil_09;r_j = instante de referencia do schedule sem release
dados_trab_4_40_struc_10;struc;4;40;10;636;/mnt/d/Codigos_Angelita_Artigo_01/Codigos_Angelita_C_Tudo/Artigo_01/02_Com_Release_Facil/03_Instancias_Geradas/01_Estruturadas/dados_trab_4_40_struc_release_facil_10;r_j = instante de referencia do schedule sem release
dados_trab_4_50_nonstruc_01;nonstruc;4;50;1;834;/mnt/d/Codigos_Angelita_Artigo_01/Codigos_Angelita_C_Tudo/Artigo_01/02_Com_Release_Facil/03_Instancias_Geradas/02_Nao_Estruturadas/dados_trab_4_50_nonstruc_release_facil_01;r_j = instante de referencia do schedule sem release
dados_trab_4_50_nonstruc_02;nonstruc;4;50;2;785;/mnt/d/Codigos_Angelita_Artigo_01/Codigos_Angelita_C_Tudo/Artigo_01/02_Com_Release_Facil/03_Instancias_Geradas/02_Nao_Estruturadas/dados_trab_4_50_nonstruc_release_facil_02;r_j = instante de referencia do schedule sem release
dados_trab_4_50_nonstruc_03;nonstruc;4;50;3;745;/mnt/d/Codigos_Angelita_Artigo_01/Codigos_Angelita_C_Tudo/Artigo_01/02_Com_Release_Facil/03_Instancias_Geradas/02_Nao_Estruturadas/dados_trab_4_50_nonstruc_release_facil_03;r_j = instante de referencia do schedule sem release
dados_trab_4_50_nonstruc_04;nonstruc;4;50;4;676;/mnt/d/Codigos_Angelita_Artigo_01/Codigos_Angelita_C_Tudo/Artigo_01/02_Com_Release_Facil/03_Instancias_Geradas/02_Nao_Estruturadas/dados_trab_4_50_nonstruc_release_facil_04;r_j = instante de referencia do schedule sem release
dados_trab_4_50_nonstruc_05;nonstruc;4;50;5;843;/mnt/d/Codigos_Angelita_Artigo_01/Codigos_Angelita_C_Tudo/Artigo_01/02_Com_Release_Facil/03_Instancias_Geradas/02_Nao_Estruturadas/dados_trab_4_50_nonstruc_release_facil_05;r_j = instante de referencia do schedule sem release
dados_trab_4_50_nonstruc_06;nonstruc;4;50;6;813;/mnt/d/Codigos_Angelita_Artigo_01/Codigos_Angelita_C_Tudo/Artigo_01/02_Com_Release_Facil/03_Instancias_Geradas/02_Nao_Estruturadas/dados_trab_4_50_nonstruc_release_facil_06;r_j = instante de referencia do schedule sem release
dados_trab_4_50_nonstruc_07;nonstruc;4;50;7;847;/mnt/d/Codigos_Angelita_Artigo_01/Codigos_Angelita_C_Tudo/Artigo_01/02_Com_Release_Facil/03_Instancias_Geradas/02_Nao_Estruturadas/dados_trab_4_50_nonstruc_release_facil_07;r_j = instante de referencia do schedule sem release
dados_trab_4_50_nonstruc_08;nonstruc;4;50;8;663;/mnt/d/Codigos_Angelita_Artigo_01/Codigos_Angelita_C_Tudo/Artigo_01/02_Com_Release_Facil/03_Instancias_Geradas/02_Nao_Estruturadas/dados_trab_4_50_nonstruc_release_facil_08;r_j = instante de referencia do schedule sem release
dados_trab_4_50_nonstruc_09;nonstruc;4;50;9;767;/mnt/d/Codigos_Angelita_Artigo_01/Codigos_Angelita_C_Tudo/Artigo_01/02_Com_Release_Facil/03_Instancias_Geradas/02_Nao_Estruturadas/dados_trab_4_50_nonstruc_release_facil_09;r_j = instante de referencia do schedule sem release
dados_trab_4_50_nonstruc_10;nonstruc;4;50;10;699;/mnt/d/Codigos_Angelita_Artigo_01/Codigos_Angelita_C_Tudo/Artigo_01/02_Com_Release_Facil/03_Instancias_Geradas/02_Nao_Estruturadas/dados_trab_4_50_nonstruc_release_facil_10;r_j = instante de referencia do schedule sem release
dados_trab_4_50_struc_01;struc;4;50;1;814;/mnt/d/Codigos_Angelita_Artigo_01/Codigos_Angelita_C_Tudo/Artigo_01/02_Com_Release_Facil/03_Instancias_Geradas/01_Estruturadas/dados_trab_4_50_struc_release_facil_01;r_j = instante de referencia do schedule sem release
dados_trab_4_50_struc_02;struc;4;50;2;834;/mnt/d/Codigos_Angelita_Artigo_01/Codigos_Angelita_C_Tudo/Artigo_01/02_Com_Release_Facil/03_Instancias_Geradas/01_Estruturadas/dados_trab_4_50_struc_release_facil_02;r_j = instante de referencia do schedule sem release
dados_trab_4_50_struc_03;struc;4;50;3;795;/mnt/d/Codigos_Angelita_Artigo_01/Codigos_Angelita_C_Tudo/Artigo_01/02_Com_Release_Facil/03_Instancias_Geradas/01_Estruturadas/dados_trab_4_50_struc_release_facil_03;r_j = instante de referencia do schedule sem release
dados_trab_4_50_struc_04;struc;4;50;4;829;/mnt/d/Codigos_Angelita_Artigo_01/Codigos_Angelita_C_Tudo/Artigo_01/02_Com_Release_Facil/03_Instancias_Geradas/01_Estruturadas/dados_trab_4_50_struc_release_facil_04;r_j = instante de referencia do schedule sem release
dados_trab_4_50_struc_05;struc;4;50;5;787;/mnt/d/Codigos_Angelita_Artigo_01/Codigos_Angelita_C_Tudo/Artigo_01/02_Com_Release_Facil/03_Instancias_Geradas/01_Estruturadas/dados_trab_4_50_struc_release_facil_05;r_j = instante de referencia do schedule sem release
dados_trab_4_50_struc_06;struc;4;50;6;784;/mnt/d/Codigos_Angelita_Artigo_01/Codigos_Angelita_C_Tudo/Artigo_01/02_Com_Release_Facil/03_Instancias_Geradas/01_Estruturadas/dados_trab_4_50_struc_release_facil_06;r_j = instante de referencia do schedule sem release
dados_trab_4_50_struc_07;struc;4;50;7;781;/mnt/d/Codigos_Angelita_Artigo_01/Codigos_Angelita_C_Tudo/Artigo_01/02_Com_Release_Facil/03_Instancias_Geradas/01_Estruturadas/dados_trab_4_50_struc_release_facil_07;r_j = instante de referencia do schedule sem release
dados_trab_4_50_struc_08;struc;4;50;8;909;/mnt/d/Codigos_Angelita_Artigo_01/Codigos_Angelita_C_Tudo/Artigo_01/02_Com_Release_Facil/03_Instancias_Geradas/01_Estruturadas/dados_trab_4_50_struc_release_facil_08;r_j = instante de referencia do schedule sem release
dados_trab_4_50_struc_09;struc;4;50;9;918;/mnt/d/Codigos_Angelita_Artigo_01/Codigos_Angelita_C_Tudo/Artigo_01/02_Com_Release_Facil/03_Instancias_Geradas/01_Estruturadas/dados_trab_4_50_struc_release_facil_09;r_j = instante de referencia do schedule sem release
dados_trab_4_50_struc_10;struc;4;50;10;837;/mnt/d/Codigos_Angelita_Artigo_01/Codigos_Angelita_C_Tudo/Artigo_01/02_Com_Release_Facil/03_Instancias_Geradas/01_Estruturadas/dados_trab_4_50_struc_release_facil_10;r_j = instante de referencia do schedule sem release
dados_trab_5_20_nonstruc_01;nonstruc;5;20;1;278;/mnt/d/Codigos_Angelita_Artigo_01/Codigos_Angelita_C_Tudo/Artigo_01/02_Com_Release_Facil/03_Instancias_Geradas/02_Nao_Estruturadas/dados_trab_5_20_nonstruc_release_facil_01;r_j = instante de referencia do schedule sem release
dados_trab_5_20_nonstruc_02;nonstruc;5;20;2;295;/mnt/d/Codigos_Angelita_Artigo_01/Codigos_Angelita_C_Tudo/Artigo_01/02_Com_Release_Facil/03_Instancias_Geradas/02_Nao_Estruturadas/dados_trab_5_20_nonstruc_release_facil_02;r_j = instante de referencia do schedule sem release
dados_trab_5_20_nonstruc_03;nonstruc;5;20;3;292;/mnt/d/Codigos_Angelita_Artigo_01/Codigos_Angelita_C_Tudo/Artigo_01/02_Com_Release_Facil/03_Instancias_Geradas/02_Nao_Estruturadas/dados_trab_5_20_nonstruc_release_facil_03;r_j = instante de referencia do schedule sem release
dados_trab_5_20_nonstruc_04;nonstruc;5;20;4;236;/mnt/d/Codigos_Angelita_Artigo_01/Codigos_Angelita_C_Tudo/Artigo_01/02_Com_Release_Facil/03_Instancias_Geradas/02_Nao_Estruturadas/dados_trab_5_20_nonstruc_release_facil_04;r_j = instante de referencia do schedule sem release
dados_trab_5_20_nonstruc_05;nonstruc;5;20;5;278;/mnt/d/Codigos_Angelita_Artigo_01/Codigos_Angelita_C_Tudo/Artigo_01/02_Com_Release_Facil/03_Instancias_Geradas/02_Nao_Estruturadas/dados_trab_5_20_nonstruc_release_facil_05;r_j = instante de referencia do schedule sem release
dados_trab_5_20_nonstruc_06;nonstruc;5;20;6;320;/mnt/d/Codigos_Angelita_Artigo_01/Codigos_Angelita_C_Tudo/Artigo_01/02_Com_Release_Facil/03_Instancias_Geradas/02_Nao_Estruturadas/dados_trab_5_20_nonstruc_release_facil_06;r_j = instante de referencia do schedule sem release
dados_trab_5_20_nonstruc_07;nonstruc;5;20;7;244;/mnt/d/Codigos_Angelita_Artigo_01/Codigos_Angelita_C_Tudo/Artigo_01/02_Com_Release_Facil/03_Instancias_Geradas/02_Nao_Estruturadas/dados_trab_5_20_nonstruc_release_facil_07;r_j = instante de referencia do schedule sem release
dados_trab_5_20_nonstruc_08;nonstruc;5;20;8;295;/mnt/d/Codigos_Angelita_Artigo_01/Codigos_Angelita_C_Tudo/Artigo_01/02_Com_Release_Facil/03_Instancias_Geradas/02_Nao_Estruturadas/dados_trab_5_20_nonstruc_release_facil_08;r_j = instante de referencia do schedule sem release
dados_trab_5_20_nonstruc_09;nonstruc;5;20;9;269;/mnt/d/Codigos_Angelita_Artigo_01/Codigos_Angelita_C_Tudo/Artigo_01/02_Com_Release_Facil/03_Instancias_Geradas/02_Nao_Estruturadas/dados_trab_5_20_nonstruc_release_facil_09;r_j = instante de referencia do schedule sem release
dados_trab_5_20_nonstruc_10;nonstruc;5;20;10;297;/mnt/d/Codigos_Angelita_Artigo_01/Codigos_Angelita_C_Tudo/Artigo_01/02_Com_Release_Facil/03_Instancias_Geradas/02_Nao_Estruturadas/dados_trab_5_20_nonstruc_release_facil_10;r_j = instante de referencia do schedule sem release
dados_trab_5_20_struc_01;struc;5;20;1;349;/mnt/d/Codigos_Angelita_Artigo_01/Codigos_Angelita_C_Tudo/Artigo_01/02_Com_Release_Facil/03_Instancias_Geradas/01_Estruturadas/dados_trab_5_20_struc_release_facil_01;r_j = instante de referencia do schedule sem release
dados_trab_5_20_struc_02;struc;5;20;2;317;/mnt/d/Codigos_Angelita_Artigo_01/Codigos_Angelita_C_Tudo/Artigo_01/02_Com_Release_Facil/03_Instancias_Geradas/01_Estruturadas/dados_trab_5_20_struc_release_facil_02;r_j = instante de referencia do schedule sem release
dados_trab_5_20_struc_03;struc;5;20;3;340;/mnt/d/Codigos_Angelita_Artigo_01/Codigos_Angelita_C_Tudo/Artigo_01/02_Com_Release_Facil/03_Instancias_Geradas/01_Estruturadas/dados_trab_5_20_struc_release_facil_03;r_j = instante de referencia do schedule sem release
dados_trab_5_20_struc_04;struc;5;20;4;330;/mnt/d/Codigos_Angelita_Artigo_01/Codigos_Angelita_C_Tudo/Artigo_01/02_Com_Release_Facil/03_Instancias_Geradas/01_Estruturadas/dados_trab_5_20_struc_release_facil_04;r_j = instante de referencia do schedule sem release
dados_trab_5_20_struc_05;struc;5;20;5;321;/mnt/d/Codigos_Angelita_Artigo_01/Codigos_Angelita_C_Tudo/Artigo_01/02_Com_Release_Facil/03_Instancias_Geradas/01_Estruturadas/dados_trab_5_20_struc_release_facil_05;r_j = instante de referencia do schedule sem release
dados_trab_5_20_struc_06;struc;5;20;6;327;/mnt/d/Codigos_Angelita_Artigo_01/Codigos_Angelita_C_Tudo/Artigo_01/02_Com_Release_Facil/03_Instancias_Geradas/01_Estruturadas/dados_trab_5_20_struc_release_facil_06;r_j = instante de referencia do schedule sem release
dados_trab_5_20_struc_07;struc;5;20;7;391;/mnt/d/Codigos_Angelita_Artigo_01/Codigos_Angelita_C_Tudo/Artigo_01/02_Com_Release_Facil/03_Instancias_Geradas/01_Estruturadas/dados_trab_5_20_struc_release_facil_07;r_j = instante de referencia do schedule sem release
dados_trab_5_20_struc_08;struc;5;20;8;308;/mnt/d/Codigos_Angelita_Artigo_01/Codigos_Angelita_C_Tudo/Artigo_01/02_Com_Release_Facil/03_Instancias_Geradas/01_Estruturadas/dados_trab_5_20_struc_release_facil_08;r_j = instante de referencia do schedule sem release
dados_trab_5_20_struc_09;struc;5;20;9;350;/mnt/d/Codigos_Angelita_Artigo_01/Codigos_Angelita_C_Tudo/Artigo_01/02_Com_Release_Facil/03_Instancias_Geradas/01_Estruturadas/dados_trab_5_20_struc_release_facil_09;r_j = instante de referencia do schedule sem release
dados_trab_5_20_struc_10;struc;5;20;10;367;/mnt/d/Codigos_Angelita_Artigo_01/Codigos_Angelita_C_Tudo/Artigo_01/02_Com_Release_Facil/03_Instancias_Geradas/01_Estruturadas/dados_trab_5_20_struc_release_facil_10;r_j = instante de referencia do schedule sem release
dados_trab_5_30_nonstruc_01;nonstruc;5;30;1;302;/mnt/d/Codigos_Angelita_Artigo_01/Codigos_Angelita_C_Tudo/Artigo_01/02_Com_Release_Facil/03_Instancias_Geradas/02_Nao_Estruturadas/dados_trab_5_30_nonstruc_release_facil_01;r_j = instante de referencia do schedule sem release
dados_trab_5_30_nonstruc_02;nonstruc;5;30;2;406;/mnt/d/Codigos_Angelita_Artigo_01/Codigos_Angelita_C_Tudo/Artigo_01/02_Com_Release_Facil/03_Instancias_Geradas/02_Nao_Estruturadas/dados_trab_5_30_nonstruc_release_facil_02;r_j = instante de referencia do schedule sem release
dados_trab_5_30_nonstruc_03;nonstruc;5;30;3;437;/mnt/d/Codigos_Angelita_Artigo_01/Codigos_Angelita_C_Tudo/Artigo_01/02_Com_Release_Facil/03_Instancias_Geradas/02_Nao_Estruturadas/dados_trab_5_30_nonstruc_release_facil_03;r_j = instante de referencia do schedule sem release
dados_trab_5_30_nonstruc_04;nonstruc;5;30;4;418;/mnt/d/Codigos_Angelita_Artigo_01/Codigos_Angelita_C_Tudo/Artigo_01/02_Com_Release_Facil/03_Instancias_Geradas/02_Nao_Estruturadas/dados_trab_5_30_nonstruc_release_facil_04;r_j = instante de referencia do schedule sem release
dados_trab_5_30_nonstruc_05;nonstruc;5;30;5;367;/mnt/d/Codigos_Angelita_Artigo_01/Codigos_Angelita_C_Tudo/Artigo_01/02_Com_Release_Facil/03_Instancias_Geradas/02_Nao_Estruturadas/dados_trab_5_30_nonstruc_release_facil_05;r_j = instante de referencia do schedule sem release
dados_trab_5_30_nonstruc_06;nonstruc;5;30;6;409;/mnt/d/Codigos_Angelita_Artigo_01/Codigos_Angelita_C_Tudo/Artigo_01/02_Com_Release_Facil/03_Instancias_Geradas/02_Nao_Estruturadas/dados_trab_5_30_nonstruc_release_facil_06;r_j = instante de referencia do schedule sem release
dados_trab_5_30_nonstruc_07;nonstruc;5;30;7;431;/mnt/d/Codigos_Angelita_Artigo_01/Codigos_Angelita_C_Tudo/Artigo_01/02_Com_Release_Facil/03_Instancias_Geradas/02_Nao_Estruturadas/dados_trab_5_30_nonstruc_release_facil_07;r_j = instante de referencia do schedule sem release
dados_trab_5_30_nonstruc_08;nonstruc;5;30;8;429;/mnt/d/Codigos_Angelita_Artigo_01/Codigos_Angelita_C_Tudo/Artigo_01/02_Com_Release_Facil/03_Instancias_Geradas/02_Nao_Estruturadas/dados_trab_5_30_nonstruc_release_facil_08;r_j = instante de referencia do schedule sem release
dados_trab_5_30_nonstruc_09;nonstruc;5;30;9;386;/mnt/d/Codigos_Angelita_Artigo_01/Codigos_Angelita_C_Tudo/Artigo_01/02_Com_Release_Facil/03_Instancias_Geradas/02_Nao_Estruturadas/dados_trab_5_30_nonstruc_release_facil_09;r_j = instante de referencia do schedule sem release
dados_trab_5_30_nonstruc_10;nonstruc;5;30;10;375;/mnt/d/Codigos_Angelita_Artigo_01/Codigos_Angelita_C_Tudo/Artigo_01/02_Com_Release_Facil/03_Instancias_Geradas/02_Nao_Estruturadas/dados_trab_5_30_nonstruc_release_facil_10;r_j = instante de referencia do schedule sem release
dados_trab_5_30_struc_01;struc;5;30;1;447;/mnt/d/Codigos_Angelita_Artigo_01/Codigos_Angelita_C_Tudo/Artigo_01/02_Com_Release_Facil/03_Instancias_Geradas/01_Estruturadas/dados_trab_5_30_struc_release_facil_01;r_j = instante de referencia do schedule sem release
dados_trab_5_30_struc_02;struc;5;30;2;489;/mnt/d/Codigos_Angelita_Artigo_01/Codigos_Angelita_C_Tudo/Artigo_01/02_Com_Release_Facil/03_Instancias_Geradas/01_Estruturadas/dados_trab_5_30_struc_release_facil_02;r_j = instante de referencia do schedule sem release
dados_trab_5_30_struc_03;struc;5;30;3;409;/mnt/d/Codigos_Angelita_Artigo_01/Codigos_Angelita_C_Tudo/Artigo_01/02_Com_Release_Facil/03_Instancias_Geradas/01_Estruturadas/dados_trab_5_30_struc_release_facil_03;r_j = instante de referencia do schedule sem release
dados_trab_5_30_struc_04;struc;5;30;4;425;/mnt/d/Codigos_Angelita_Artigo_01/Codigos_Angelita_C_Tudo/Artigo_01/02_Com_Release_Facil/03_Instancias_Geradas/01_Estruturadas/dados_trab_5_30_struc_release_facil_04;r_j = instante de referencia do schedule sem release
dados_trab_5_30_struc_05;struc;5;30;5;482;/mnt/d/Codigos_Angelita_Artigo_01/Codigos_Angelita_C_Tudo/Artigo_01/02_Com_Release_Facil/03_Instancias_Geradas/01_Estruturadas/dados_trab_5_30_struc_release_facil_05;r_j = instante de referencia do schedule sem release
dados_trab_5_30_struc_06;struc;5;30;6;450;/mnt/d/Codigos_Angelita_Artigo_01/Codigos_Angelita_C_Tudo/Artigo_01/02_Com_Release_Facil/03_Instancias_Geradas/01_Estruturadas/dados_trab_5_30_struc_release_facil_06;r_j = instante de referencia do schedule sem release
dados_trab_5_30_struc_07;struc;5;30;7;375;/mnt/d/Codigos_Angelita_Artigo_01/Codigos_Angelita_C_Tudo/Artigo_01/02_Com_Release_Facil/03_Instancias_Geradas/01_Estruturadas/dados_trab_5_30_struc_release_facil_07;r_j = instante de referencia do schedule sem release
dados_trab_5_30_struc_08;struc;5;30;8;437;/mnt/d/Codigos_Angelita_Artigo_01/Codigos_Angelita_C_Tudo/Artigo_01/02_Com_Release_Facil/03_Instancias_Geradas/01_Estruturadas/dados_trab_5_30_struc_release_facil_08;r_j = instante de referencia do schedule sem release
dados_trab_5_30_struc_09;struc;5;30;9;401;/mnt/d/Codigos_Angelita_Artigo_01/Codigos_Angelita_C_Tudo/Artigo_01/02_Com_Release_Facil/03_Instancias_Geradas/01_Estruturadas/dados_trab_5_30_struc_release_facil_09;r_j = instante de referencia do schedule sem release
dados_trab_5_30_struc_10;struc;5;30;10;469;/mnt/d/Codigos_Angelita_Artigo_01/Codigos_Angelita_C_Tudo/Artigo_01/02_Com_Release_Facil/03_Instancias_Geradas/01_Estruturadas/dados_trab_5_30_struc_release_facil_10;r_j = instante de referencia do schedule sem release
dados_trab_5_40_nonstruc_01;nonstruc;5;40;1;484;/mnt/d/Codigos_Angelita_Artigo_01/Codigos_Angelita_C_Tudo/Artigo_01/02_Com_Release_Facil/03_Instancias_Geradas/02_Nao_Estruturadas/dados_trab_5_40_nonstruc_release_facil_01;r_j = instante de referencia do schedule sem release
dados_trab_5_40_nonstruc_02;nonstruc;5;40;2;461;/mnt/d/Codigos_Angelita_Artigo_01/Codigos_Angelita_C_Tudo/Artigo_01/02_Com_Release_Facil/03_Instancias_Geradas/02_Nao_Estruturadas/dados_trab_5_40_nonstruc_release_facil_02;r_j = instante de referencia do schedule sem release
dados_trab_5_40_nonstruc_03;nonstruc;5;40;3;488;/mnt/d/Codigos_Angelita_Artigo_01/Codigos_Angelita_C_Tudo/Artigo_01/02_Com_Release_Facil/03_Instancias_Geradas/02_Nao_Estruturadas/dados_trab_5_40_nonstruc_release_facil_03;r_j = instante de referencia do schedule sem release
dados_trab_5_40_nonstruc_04;nonstruc;5;40;4;500;/mnt/d/Codigos_Angelita_Artigo_01/Codigos_Angelita_C_Tudo/Artigo_01/02_Com_Release_Facil/03_Instancias_Geradas/02_Nao_Estruturadas/dados_trab_5_40_nonstruc_release_facil_04;r_j = instante de referencia do schedule sem release
dados_trab_5_40_nonstruc_05;nonstruc;5;40;5;477;/mnt/d/Codigos_Angelita_Artigo_01/Codigos_Angelita_C_Tudo/Artigo_01/02_Com_Release_Facil/03_Instancias_Geradas/02_Nao_Estruturadas/dados_trab_5_40_nonstruc_release_facil_05;r_j = instante de referencia do schedule sem release
dados_trab_5_40_nonstruc_06;nonstruc;5;40;6;500;/mnt/d/Codigos_Angelita_Artigo_01/Codigos_Angelita_C_Tudo/Artigo_01/02_Com_Release_Facil/03_Instancias_Geradas/02_Nao_Estruturadas/dados_trab_5_40_nonstruc_release_facil_06;r_j = instante de referencia do schedule sem release
dados_trab_5_40_nonstruc_07;nonstruc;5;40;7;480;/mnt/d/Codigos_Angelita_Artigo_01/Codigos_Angelita_C_Tudo/Artigo_01/02_Com_Release_Facil/03_Instancias_Geradas/02_Nao_Estruturadas/dados_trab_5_40_nonstruc_release_facil_07;r_j = instante de referencia do schedule sem release
dados_trab_5_40_nonstruc_08;nonstruc;5;40;8;530;/mnt/d/Codigos_Angelita_Artigo_01/Codigos_Angelita_C_Tudo/Artigo_01/02_Com_Release_Facil/03_Instancias_Geradas/02_Nao_Estruturadas/dados_trab_5_40_nonstruc_release_facil_08;r_j = instante de referencia do schedule sem release
dados_trab_5_40_nonstruc_09;nonstruc;5;40;9;584;/mnt/d/Codigos_Angelita_Artigo_01/Codigos_Angelita_C_Tudo/Artigo_01/02_Com_Release_Facil/03_Instancias_Geradas/02_Nao_Estruturadas/dados_trab_5_40_nonstruc_release_facil_09;r_j = instante de referencia do schedule sem release
dados_trab_5_40_nonstruc_10;nonstruc;5;40;10;441;/mnt/d/Codigos_Angelita_Artigo_01/Codigos_Angelita_C_Tudo/Artigo_01/02_Com_Release_Facil/03_Instancias_Geradas/02_Nao_Estruturadas/dados_trab_5_40_nonstruc_release_facil_10;r_j = instante de referencia do schedule sem release
dados_trab_5_40_struc_01;struc;5;40;1;527;/mnt/d/Codigos_Angelita_Artigo_01/Codigos_Angelita_C_Tudo/Artigo_01/02_Com_Release_Facil/03_Instancias_Geradas/01_Estruturadas/dados_trab_5_40_struc_release_facil_01;r_j = instante de referencia do schedule sem release
dados_trab_5_40_struc_02;struc;5;40;2;588;/mnt/d/Codigos_Angelita_Artigo_01/Codigos_Angelita_C_Tudo/Artigo_01/02_Com_Release_Facil/03_Instancias_Geradas/01_Estruturadas/dados_trab_5_40_struc_release_facil_02;r_j = instante de referencia do schedule sem release
dados_trab_5_40_struc_03;struc;5;40;3;581;/mnt/d/Codigos_Angelita_Artigo_01/Codigos_Angelita_C_Tudo/Artigo_01/02_Com_Release_Facil/03_Instancias_Geradas/01_Estruturadas/dados_trab_5_40_struc_release_facil_03;r_j = instante de referencia do schedule sem release
dados_trab_5_40_struc_04;struc;5;40;4;543;/mnt/d/Codigos_Angelita_Artigo_01/Codigos_Angelita_C_Tudo/Artigo_01/02_Com_Release_Facil/03_Instancias_Geradas/01_Estruturadas/dados_trab_5_40_struc_release_facil_04;r_j = instante de referencia do schedule sem release
dados_trab_5_40_struc_05;struc;5;40;5;649;/mnt/d/Codigos_Angelita_Artigo_01/Codigos_Angelita_C_Tudo/Artigo_01/02_Com_Release_Facil/03_Instancias_Geradas/01_Estruturadas/dados_trab_5_40_struc_release_facil_05;r_j = instante de referencia do schedule sem release
dados_trab_5_40_struc_06;struc;5;40;6;569;/mnt/d/Codigos_Angelita_Artigo_01/Codigos_Angelita_C_Tudo/Artigo_01/02_Com_Release_Facil/03_Instancias_Geradas/01_Estruturadas/dados_trab_5_40_struc_release_facil_06;r_j = instante de referencia do schedule sem release
dados_trab_5_40_struc_07;struc;5;40;7;559;/mnt/d/Codigos_Angelita_Artigo_01/Codigos_Angelita_C_Tudo/Artigo_01/02_Com_Release_Facil/03_Instancias_Geradas/01_Estruturadas/dados_trab_5_40_struc_release_facil_07;r_j = instante de referencia do schedule sem release
dados_trab_5_40_struc_08;struc;5;40;8;563;/mnt/d/Codigos_Angelita_Artigo_01/Codigos_Angelita_C_Tudo/Artigo_01/02_Com_Release_Facil/03_Instancias_Geradas/01_Estruturadas/dados_trab_5_40_struc_release_facil_08;r_j = instante de referencia do schedule sem release
dados_trab_5_40_struc_09;struc;5;40;9;605;/mnt/d/Codigos_Angelita_Artigo_01/Codigos_Angelita_C_Tudo/Artigo_01/02_Com_Release_Facil/03_Instancias_Geradas/01_Estruturadas/dados_trab_5_40_struc_release_facil_09;r_j = instante de referencia do schedule sem release
dados_trab_5_40_struc_10;struc;5;40;10;592;/mnt/d/Codigos_Angelita_Artigo_01/Codigos_Angelita_C_Tudo/Artigo_01/02_Com_Release_Facil/03_Instancias_Geradas/01_Estruturadas/dados_trab_5_40_struc_release_facil_10;r_j = instante de referencia do schedule sem release
dados_trab_5_50_nonstruc_01;nonstruc;5;50;1;606;/mnt/d/Codigos_Angelita_Artigo_01/Codigos_Angelita_C_Tudo/Artigo_01/02_Com_Release_Facil/03_Instancias_Geradas/02_Nao_Estruturadas/dados_trab_5_50_nonstruc_release_facil_01;r_j = instante de referencia do schedule sem release
dados_trab_5_50_nonstruc_02;nonstruc;5;50;2;576;/mnt/d/Codigos_Angelita_Artigo_01/Codigos_Angelita_C_Tudo/Artigo_01/02_Com_Release_Facil/03_Instancias_Geradas/02_Nao_Estruturadas/dados_trab_5_50_nonstruc_release_facil_02;r_j = instante de referencia do schedule sem release
dados_trab_5_50_nonstruc_03;nonstruc;5;50;3;582;/mnt/d/Codigos_Angelita_Artigo_01/Codigos_Angelita_C_Tudo/Artigo_01/02_Com_Release_Facil/03_Instancias_Geradas/02_Nao_Estruturadas/dados_trab_5_50_nonstruc_release_facil_03;r_j = instante de referencia do schedule sem release
dados_trab_5_50_nonstruc_04;nonstruc;5;50;4;634;/mnt/d/Codigos_Angelita_Artigo_01/Codigos_Angelita_C_Tudo/Artigo_01/02_Com_Release_Facil/03_Instancias_Geradas/02_Nao_Estruturadas/dados_trab_5_50_nonstruc_release_facil_04;r_j = instante de referencia do schedule sem release
dados_trab_5_50_nonstruc_05;nonstruc;5;50;5;527;/mnt/d/Codigos_Angelita_Artigo_01/Codigos_Angelita_C_Tudo/Artigo_01/02_Com_Release_Facil/03_Instancias_Geradas/02_Nao_Estruturadas/dados_trab_5_50_nonstruc_release_facil_05;r_j = instante de referencia do schedule sem release
dados_trab_5_50_nonstruc_06;nonstruc;5;50;6;644;/mnt/d/Codigos_Angelita_Artigo_01/Codigos_Angelita_C_Tudo/Artigo_01/02_Com_Release_Facil/03_Instancias_Geradas/02_Nao_Estruturadas/dados_trab_5_50_nonstruc_release_facil_06;r_j = instante de referencia do schedule sem release
dados_trab_5_50_nonstruc_07;nonstruc;5;50;7;578;/mnt/d/Codigos_Angelita_Artigo_01/Codigos_Angelita_C_Tudo/Artigo_01/02_Com_Release_Facil/03_Instancias_Geradas/02_Nao_Estruturadas/dados_trab_5_50_nonstruc_release_facil_07;r_j = instante de referencia do schedule sem release
dados_trab_5_50_nonstruc_08;nonstruc;5;50;8;605;/mnt/d/Codigos_Angelita_Artigo_01/Codigos_Angelita_C_Tudo/Artigo_01/02_Com_Release_Facil/03_Instancias_Geradas/02_Nao_Estruturadas/dados_trab_5_50_nonstruc_release_facil_08;r_j = instante de referencia do schedule sem release
dados_trab_5_50_nonstruc_09;nonstruc;5;50;9;611;/mnt/d/Codigos_Angelita_Artigo_01/Codigos_Angelita_C_Tudo/Artigo_01/02_Com_Release_Facil/03_Instancias_Geradas/02_Nao_Estruturadas/dados_trab_5_50_nonstruc_release_facil_09;r_j = instante de referencia do schedule sem release
dados_trab_5_50_nonstruc_10;nonstruc;5;50;10;531;/mnt/d/Codigos_Angelita_Artigo_01/Codigos_Angelita_C_Tudo/Artigo_01/02_Com_Release_Facil/03_Instancias_Geradas/02_Nao_Estruturadas/dados_trab_5_50_nonstruc_release_facil_10;r_j = instante de referencia do schedule sem release
dados_trab_5_50_struc_01;struc;5;50;1;706;/mnt/d/Codigos_Angelita_Artigo_01/Codigos_Angelita_C_Tudo/Artigo_01/02_Com_Release_Facil/03_Instancias_Geradas/01_Estruturadas/dados_trab_5_50_struc_release_facil_01;r_j = instante de referencia do schedule sem release
dados_trab_5_50_struc_02;struc;5;50;2;656;/mnt/d/Codigos_Angelita_Artigo_01/Codigos_Angelita_C_Tudo/Artigo_01/02_Com_Release_Facil/03_Instancias_Geradas/01_Estruturadas/dados_trab_5_50_struc_release_facil_02;r_j = instante de referencia do schedule sem release
dados_trab_5_50_struc_03;struc;5;50;3;704;/mnt/d/Codigos_Angelita_Artigo_01/Codigos_Angelita_C_Tudo/Artigo_01/02_Com_Release_Facil/03_Instancias_Geradas/01_Estruturadas/dados_trab_5_50_struc_release_facil_03;r_j = instante de referencia do schedule sem release
dados_trab_5_50_struc_04;struc;5;50;4;696;/mnt/d/Codigos_Angelita_Artigo_01/Codigos_Angelita_C_Tudo/Artigo_01/02_Com_Release_Facil/03_Instancias_Geradas/01_Estruturadas/dados_trab_5_50_struc_release_facil_04;r_j = instante de referencia do schedule sem release
dados_trab_5_50_struc_05;struc;5;50;5;725;/mnt/d/Codigos_Angelita_Artigo_01/Codigos_Angelita_C_Tudo/Artigo_01/02_Com_Release_Facil/03_Instancias_Geradas/01_Estruturadas/dados_trab_5_50_struc_release_facil_05;r_j = instante de referencia do schedule sem release
dados_trab_5_50_struc_06;struc;5;50;6;700;/mnt/d/Codigos_Angelita_Artigo_01/Codigos_Angelita_C_Tudo/Artigo_01/02_Com_Release_Facil/03_Instancias_Geradas/01_Estruturadas/dados_trab_5_50_struc_release_facil_06;r_j = instante de referencia do schedule sem release
dados_trab_5_50_struc_07;struc;5;50;7;634;/mnt/d/Codigos_Angelita_Artigo_01/Codigos_Angelita_C_Tudo/Artigo_01/02_Com_Release_Facil/03_Instancias_Geradas/01_Estruturadas/dados_trab_5_50_struc_release_facil_07;r_j = instante de referencia do schedule sem release
dados_trab_5_50_struc_08;struc;5;50;8;684;/mnt/d/Codigos_Angelita_Artigo_01/Codigos_Angelita_C_Tudo/Artigo_01/02_Com_Release_Facil/03_Instancias_Geradas/01_Estruturadas/dados_trab_5_50_struc_release_facil_08;r_j = instante de referencia do schedule sem release
dados_trab_5_50_struc_09;struc;5;50;9;747;/mnt/d/Codigos_Angelita_Artigo_01/Codigos_Angelita_C_Tudo/Artigo_01/02_Com_Release_Facil/03_Instancias_Geradas/01_Estruturadas/dados_trab_5_50_struc_release_facil_09;r_j = instante de referencia do schedule sem release
dados_trab_5_50_struc_10;struc;5;50;10;672;/mnt/d/Codigos_Angelita_Artigo_01/Codigos_Angelita_C_Tudo/Artigo_01/02_Com_Release_Facil/03_Instancias_Geradas/01_Estruturadas/dados_trab_5_50_struc_release_facil_10;r_j = instante de referencia do schedule sem release
